"ID","Type","SKU","Name","Published","Is featured?","Visibility in catalog","Short description","Description","Date sale price starts","Date sale price ends","Tax status","Tax class","In stock?","Stock","Backorders allowed?","Sold individually?","Weight (kg)","Length (cm)","Width (cm)","Height (cm)","Allow customer reviews?","Purchase note","Sale price","Regular price","Categories","Tags","Shipping class","Images","Download limit","Download expiry days","Parent","Grouped products","Upsells","Cross-sells","External URL","Button text","Position","Attribute 1 name","Attribute 1 value(s)","Attribute 1 visible","Attribute 1 global","Attribute 2 name","Attribute 2 value(s)","Attribute 2 visible","Attribute 2 global","Attribute 3 name","Attribute 3 value(s)","Attribute 3 visible","Attribute 3 global"
"1","variable","AX-OS-001","AXDORO Signature Oversized Heavy Tee","1","0","visible","Engineered from signature 240 GSM combed cotton with a structured drop-shoulder drape and durable non-curling collar.","The AXDORO Signature Oversized Heavy Tee is crafted for individuals who appreciate architectural structure and superior drape. Woven from 100% long-staple combed cotton at 240 GSM, it offers the ideal heft without feeling suffocating. Features double-needle reinforced chain stitching at the shoulders, custom ribbed collar that retains its shape wash after wash, and pre-shrunk bio-wash finishing for supreme softness.","","","taxable","standard","1","10","0","0","0.35","30","25","3","1","","999","1499","Oversized T-Shirts","streetwear, 240gsm, oversized, axdoro, heavyweight","","https://images.unsplash.com/photo-1576566588028-4147f3842f27?auto=format&fit=crop&w=800&q=80, https://images.unsplash.com/photo-1503342217505-b0a15ec3261c?auto=format&fit=crop&w=800&q=80, https://images.unsplash.com/photo-1521572267360-ee0c2909d518?auto=format&fit=crop&w=800&q=80","","","","","","","","","0","Size","XS, S, M, L, XL, XXL","1","1","Color","Urban Black, Off White, Sage Green","1","1","GSM","240 GSM","1","1"
"2","variable","AX-OS-002","Tokyo Neon Cyberpunk Drop Shoulder Tee","1","1","visible","Engineered from signature 240 GSM combed cotton with a structured drop-shoulder drape and durable non-curling collar.","The Tokyo Neon Cyberpunk Drop Shoulder Tee is crafted for individuals who appreciate architectural structure and superior drape. Woven from 100% long-staple combed cotton at 240 GSM, it offers the ideal heft without feeling suffocating. Features double-needle reinforced chain stitching at the shoulders, custom ribbed collar that retains its shape wash after wash, and pre-shrunk bio-wash finishing for supreme softness.","","","taxable","standard","1","23","0","0","0.35","30","25","3","1","","1099","1599","Oversized T-Shirts","streetwear, 240gsm, oversized, axdoro, heavyweight","","https://images.unsplash.com/photo-1583743814966-8936f5b7be1a?auto=format&fit=crop&w=800&q=80, https://images.unsplash.com/photo-1556905055-8f358a7a47b2?auto=format&fit=crop&w=800&q=80, https://images.unsplash.com/photo-1624378439575-d8705ad7ae80?auto=format&fit=crop&w=800&q=80","","","","","","","","","0","Size","XS, S, M, L, XL, XXL","1","1","Color","Washed Charcoal, Sage Green, Mocha Brown","1","1","GSM","240 GSM","1","1"
"3","variable","AX-OS-003","Urban Nomad Heavyweight Boxy Tee","1","0","visible","Engineered from signature 240 GSM combed cotton with a structured drop-shoulder drape and durable non-curling collar.","The Urban Nomad Heavyweight Boxy Tee is crafted for individuals who appreciate architectural structure and superior drape. Woven from 100% long-staple combed cotton at 240 GSM, it offers the ideal heft without feeling suffocating. Features double-needle reinforced chain stitching at the shoulders, custom ribbed collar that retains its shape wash after wash, and pre-shrunk bio-wash finishing for supreme softness.","","","taxable","standard","1","36","0","0","0.35","30","25","3","1","","1199","1699","Oversized T-Shirts","streetwear, 240gsm, oversized, axdoro, heavyweight","","https://images.unsplash.com/photo-1509967419530-da38b4704bc6?auto=format&fit=crop&w=800&q=80, https://images.unsplash.com/photo-1618354691373-d851c5c3a990?auto=format&fit=crop&w=800&q=80, https://images.unsplash.com/photo-1562157873-818bc0726f68?auto=format&fit=crop&w=800&q=80","","","","","","","","","0","Size","XS, S, M, L, XL, XXL","1","1","Color","Sand Dune, Mocha Brown, Navy Blue","1","1","GSM","240 GSM","1","1"
"4","variable","AX-OS-004","Renaissance Glitch 240 GSM Tee","1","0","visible","Engineered from signature 240 GSM combed cotton with a structured drop-shoulder drape and durable non-curling collar.","The Renaissance Glitch 240 GSM Tee is crafted for individuals who appreciate architectural structure and superior drape. Woven from 100% long-staple combed cotton at 240 GSM, it offers the ideal heft without feeling suffocating. Features double-needle reinforced chain stitching at the shoulders, custom ribbed collar that retains its shape wash after wash, and pre-shrunk bio-wash finishing for supreme softness.","","","taxable","standard","1","49","0","0","0.35","30","25","3","1","","1299","1799","Oversized T-Shirts","streetwear, 240gsm, oversized, axdoro, heavyweight","","https://images.unsplash.com/photo-1618354691438-25bc04584c03?auto=format&fit=crop&w=800&q=80, https://images.unsplash.com/photo-1527719327859-c6ce80353573?auto=format&fit=crop&w=800&q=80, https://images.unsplash.com/photo-1578632767115-351597cf2477?auto=format&fit=crop&w=800&q=80","","","","","","","","","0","Size","XS, S, M, L, XL, XXL","1","1","Color","Terracotta, Navy Blue, Slate Grey","1","1","GSM","240 GSM","1","1"
"5","variable","AX-OS-005","Monochrome Heavyweight Streetwear Tee","1","0","visible","Engineered from signature 240 GSM combed cotton with a structured drop-shoulder drape and durable non-curling collar.","The Monochrome Heavyweight Streetwear Tee is crafted for individuals who appreciate architectural structure and superior drape. Woven from 100% long-staple combed cotton at 240 GSM, it offers the ideal heft without feeling suffocating. Features double-needle reinforced chain stitching at the shoulders, custom ribbed collar that retains its shape wash after wash, and pre-shrunk bio-wash finishing for supreme softness.","","","taxable","standard","1","17","0","0","0.35","30","25","3","1","","1399","1899","Oversized T-Shirts","streetwear, 240gsm, oversized, axdoro, heavyweight","","https://images.unsplash.com/photo-1578632767114-114407b4695b?auto=format&fit=crop&w=800&q=80, https://images.unsplash.com/photo-1529139574466-a303027c1d8b?auto=format&fit=crop&w=800&q=80, https://images.unsplash.com/photo-1515886657613-9f3515b0c78f?auto=format&fit=crop&w=800&q=80","","","","","","","","","0","Size","XS, S, M, L, XL, XXL","1","1","Color","Muted Olive, Slate Grey, Off White","1","1","GSM","240 GSM","1","1"
"6","variable","AX-OS-006","Astral Dimension Backprint Oversized Tee","1","0","visible","Engineered from signature 240 GSM combed cotton with a structured drop-shoulder drape and durable non-curling collar.","The Astral Dimension Backprint Oversized Tee is crafted for individuals who appreciate architectural structure and superior drape. Woven from 100% long-staple combed cotton at 240 GSM, it offers the ideal heft without feeling suffocating. Features double-needle reinforced chain stitching at the shoulders, custom ribbed collar that retains its shape wash after wash, and pre-shrunk bio-wash finishing for supreme softness.","","","taxable","standard","1","30","0","0","0.35","30","25","3","1","","999","1499","Oversized T-Shirts","streetwear, 240gsm, oversized, axdoro, heavyweight","","https://images.unsplash.com/photo-1544441893-675973e31985?auto=format&fit=crop&w=800&q=80, https://images.unsplash.com/photo-1489987707025-afc232f7ea0f?auto=format&fit=crop&w=800&q=80, https://images.unsplash.com/photo-1503342394128-c104d54dba01?auto=format&fit=crop&w=800&q=80","","","","","","","","","0","Size","XS, S, M, L, XL, XXL","1","1","Color","Urban Black, Off White, Sage Green","1","1","GSM","240 GSM","1","1"
"7","variable","AX-OS-007","Nocturnal Rebellion Drop Shoulder Tee","1","1","visible","Engineered from signature 240 GSM combed cotton with a structured drop-shoulder drape and durable non-curling collar.","The Nocturnal Rebellion Drop Shoulder Tee is crafted for individuals who appreciate architectural structure and superior drape. Woven from 100% long-staple combed cotton at 240 GSM, it offers the ideal heft without feeling suffocating. Features double-needle reinforced chain stitching at the shoulders, custom ribbed collar that retains its shape wash after wash, and pre-shrunk bio-wash finishing for supreme softness.","","","taxable","standard","1","43","0","0","0.35","30","25","3","1","","1099","1599","Oversized T-Shirts","streetwear, 240gsm, oversized, axdoro, heavyweight","","https://images.unsplash.com/photo-1558769132-cb1aea458c5e?auto=format&fit=crop&w=800&q=80, https://images.unsplash.com/photo-1508427953056-b00b8d78ebf5?auto=format&fit=crop&w=800&q=80, https://images.unsplash.com/photo-1576566588028-4147f3842f27?auto=format&fit=crop&w=800&q=80","","","","","","","","","0","Size","XS, S, M, L, XL, XXL","1","1","Color","Washed Charcoal, Sage Green, Mocha Brown","1","1","GSM","240 GSM","1","1"
"8","variable","AX-OS-008","Concrete Jungle Typography Heavy Tee","1","0","visible","Engineered from signature 240 GSM combed cotton with a structured drop-shoulder drape and durable non-curling collar.","The Concrete Jungle Typography Heavy Tee is crafted for individuals who appreciate architectural structure and superior drape. Woven from 100% long-staple combed cotton at 240 GSM, it offers the ideal heft without feeling suffocating. Features double-needle reinforced chain stitching at the shoulders, custom ribbed collar that retains its shape wash after wash, and pre-shrunk bio-wash finishing for supreme softness.","","","taxable","standard","1","11","0","0","0.35","30","25","3","1","","1199","1699","Oversized T-Shirts","streetwear, 240gsm, oversized, axdoro, heavyweight","","https://images.unsplash.com/photo-1503342217505-b0a15ec3261c?auto=format&fit=crop&w=800&q=80, https://images.unsplash.com/photo-1521572267360-ee0c2909d518?auto=format&fit=crop&w=800&q=80, https://images.unsplash.com/photo-1583743814966-8936f5b7be1a?auto=format&fit=crop&w=800&q=80","","","","","","","","","0","Size","XS, S, M, L, XL, XXL","1","1","Color","Sand Dune, Mocha Brown, Navy Blue","1","1","GSM","240 GSM","1","1"
"9","variable","AX-OS-009","Kinetic Motion Graphic Oversized Tee","1","0","visible","Engineered from signature 240 GSM combed cotton with a structured drop-shoulder drape and durable non-curling collar.","The Kinetic Motion Graphic Oversized Tee is crafted for individuals who appreciate architectural structure and superior drape. Woven from 100% long-staple combed cotton at 240 GSM, it offers the ideal heft without feeling suffocating. Features double-needle reinforced chain stitching at the shoulders, custom ribbed collar that retains its shape wash after wash, and pre-shrunk bio-wash finishing for supreme softness.","","","taxable","standard","1","24","0","0","0.35","30","25","3","1","","1299","1799","Oversized T-Shirts","streetwear, 240gsm, oversized, axdoro, heavyweight","","https://images.unsplash.com/photo-1556905055-8f358a7a47b2?auto=format&fit=crop&w=800&q=80, https://images.unsplash.com/photo-1624378439575-d8705ad7ae80?auto=format&fit=crop&w=800&q=80, https://images.unsplash.com/photo-1509967419530-da38b4704bc6?auto=format&fit=crop&w=800&q=80","","","","","","","","","0","Size","XS, S, M, L, XL, XXL","1","1","Color","Terracotta, Navy Blue, Slate Grey","1","1","GSM","240 GSM","1","1"
"10","variable","AX-OS-010","Raw Edge Heavyweight Boxy Tee","1","0","visible","Engineered from signature 240 GSM combed cotton with a structured drop-shoulder drape and durable non-curling collar.","The Raw Edge Heavyweight Boxy Tee is crafted for individuals who appreciate architectural structure and superior drape. Woven from 100% long-staple combed cotton at 240 GSM, it offers the ideal heft without feeling suffocating. Features double-needle reinforced chain stitching at the shoulders, custom ribbed collar that retains its shape wash after wash, and pre-shrunk bio-wash finishing for supreme softness.","","","taxable","standard","1","37","0","0","0.35","30","25","3","1","","1399","1899","Oversized T-Shirts","streetwear, 240gsm, oversized, axdoro, heavyweight","","https://images.unsplash.com/photo-1618354691373-d851c5c3a990?auto=format&fit=crop&w=800&q=80, https://images.unsplash.com/photo-1562157873-818bc0726f68?auto=format&fit=crop&w=800&q=80, https://images.unsplash.com/photo-1618354691438-25bc04584c03?auto=format&fit=crop&w=800&q=80","","","","","","","","","0","Size","XS, S, M, L, XL, XXL","1","1","Color","Muted Olive, Slate Grey, Off White","1","1","GSM","240 GSM","1","1"
"11","variable","AX-OS-011","Neo-Industrial Minimal Drop Tee","1","0","visible","Engineered from signature 240 GSM combed cotton with a structured drop-shoulder drape and durable non-curling collar.","The Neo-Industrial Minimal Drop Tee is crafted for individuals who appreciate architectural structure and superior drape. Woven from 100% long-staple combed cotton at 240 GSM, it offers the ideal heft without feeling suffocating. Features double-needle reinforced chain stitching at the shoulders, custom ribbed collar that retains its shape wash after wash, and pre-shrunk bio-wash finishing for supreme softness.","","","taxable","standard","1","50","0","0","0.35","30","25","3","1","","999","1499","Oversized T-Shirts","streetwear, 240gsm, oversized, axdoro, heavyweight","","https://images.unsplash.com/photo-1527719327859-c6ce80353573?auto=format&fit=crop&w=800&q=80, https://images.unsplash.com/photo-1578632767115-351597cf2477?auto=format&fit=crop&w=800&q=80, https://images.unsplash.com/photo-1578632767114-114407b4695b?auto=format&fit=crop&w=800&q=80","","","","","","","","","0","Size","XS, S, M, L, XL, XXL","1","1","Color","Urban Black, Off White, Sage Green","1","1","GSM","240 GSM","1","1"
"12","variable","AX-OS-012","Shadow Core Heavyweight Oversized Tee","1","1","visible","Engineered from signature 240 GSM combed cotton with a structured drop-shoulder drape and durable non-curling collar.","The Shadow Core Heavyweight Oversized Tee is crafted for individuals who appreciate architectural structure and superior drape. Woven from 100% long-staple combed cotton at 240 GSM, it offers the ideal heft without feeling suffocating. Features double-needle reinforced chain stitching at the shoulders, custom ribbed collar that retains its shape wash after wash, and pre-shrunk bio-wash finishing for supreme softness.","","","taxable","standard","1","18","0","0","0.35","30","25","3","1","","1099","1599","Oversized T-Shirts","streetwear, 240gsm, oversized, axdoro, heavyweight","","https://images.unsplash.com/photo-1529139574466-a303027c1d8b?auto=format&fit=crop&w=800&q=80, https://images.unsplash.com/photo-1515886657613-9f3515b0c78f?auto=format&fit=crop&w=800&q=80, https://images.unsplash.com/photo-1544441893-675973e31985?auto=format&fit=crop&w=800&q=80","","","","","","","","","0","Size","XS, S, M, L, XL, XXL","1","1","Color","Washed Charcoal, Sage Green, Mocha Brown","1","1","GSM","240 GSM","1","1"
"13","variable","AX-OS-013","Subversive Arts Heavy Cotton Tee","1","0","visible","Engineered from signature 240 GSM combed cotton with a structured drop-shoulder drape and durable non-curling collar.","The Subversive Arts Heavy Cotton Tee is crafted for individuals who appreciate architectural structure and superior drape. Woven from 100% long-staple combed cotton at 240 GSM, it offers the ideal heft without feeling suffocating. Features double-needle reinforced chain stitching at the shoulders, custom ribbed collar that retains its shape wash after wash, and pre-shrunk bio-wash finishing for supreme softness.","","","taxable","standard","1","31","0","0","0.35","30","25","3","1","","1199","1699","Oversized T-Shirts","streetwear, 240gsm, oversized, axdoro, heavyweight","","https://images.unsplash.com/photo-1489987707025-afc232f7ea0f?auto=format&fit=crop&w=800&q=80, https://images.unsplash.com/photo-1503342394128-c104d54dba01?auto=format&fit=crop&w=800&q=80, https://images.unsplash.com/photo-1558769132-cb1aea458c5e?auto=format&fit=crop&w=800&q=80","","","","","","","","","0","Size","XS, S, M, L, XL, XXL","1","1","Color","Sand Dune, Mocha Brown, Navy Blue","1","1","GSM","240 GSM","1","1"
"14","variable","AX-OS-014","Distortion Vector Graphic Tee","1","0","visible","Engineered from signature 240 GSM combed cotton with a structured drop-shoulder drape and durable non-curling collar.","The Distortion Vector Graphic Tee is crafted for individuals who appreciate architectural structure and superior drape. Woven from 100% long-staple combed cotton at 240 GSM, it offers the ideal heft without feeling suffocating. Features double-needle reinforced chain stitching at the shoulders, custom ribbed collar that retains its shape wash after wash, and pre-shrunk bio-wash finishing for supreme softness.","","","taxable","standard","1","44","0","0","0.35","30","25","3","1","","1299","1799","Oversized T-Shirts","streetwear, 240gsm, oversized, axdoro, heavyweight","","https://images.unsplash.com/photo-1508427953056-b00b8d78ebf5?auto=format&fit=crop&w=800&q=80, https://images.unsplash.com/photo-1576566588028-4147f3842f27?auto=format&fit=crop&w=800&q=80, https://images.unsplash.com/photo-1503342217505-b0a15ec3261c?auto=format&fit=crop&w=800&q=80","","","","","","","","","0","Size","XS, S, M, L, XL, XXL","1","1","Color","Terracotta, Navy Blue, Slate Grey","1","1","GSM","240 GSM","1","1"
"15","variable","AX-OS-015","Metropolis Heavyweight Street Tee","1","0","visible","Engineered from signature 240 GSM combed cotton with a structured drop-shoulder drape and durable non-curling collar.","The Metropolis Heavyweight Street Tee is crafted for individuals who appreciate architectural structure and superior drape. Woven from 100% long-staple combed cotton at 240 GSM, it offers the ideal heft without feeling suffocating. Features double-needle reinforced chain stitching at the shoulders, custom ribbed collar that retains its shape wash after wash, and pre-shrunk bio-wash finishing for supreme softness.","","","taxable","standard","1","12","0","0","0.35","30","25","3","1","","1399","1899","Oversized T-Shirts","streetwear, 240gsm, oversized, axdoro, heavyweight","","https://images.unsplash.com/photo-1521572267360-ee0c2909d518?auto=format&fit=crop&w=800&q=80, https://images.unsplash.com/photo-1583743814966-8936f5b7be1a?auto=format&fit=crop&w=800&q=80, https://images.unsplash.com/photo-1556905055-8f358a7a47b2?auto=format&fit=crop&w=800&q=80","","","","","","","","","0","Size","XS, S, M, L, XL, XXL","1","1","Color","Muted Olive, Slate Grey, Off White","1","1","GSM","240 GSM","1","1"
"16","variable","AX-OS-016","Subterranean Echo Oversized Tee","1","0","visible","Engineered from signature 240 GSM combed cotton with a structured drop-shoulder drape and durable non-curling collar.","The Subterranean Echo Oversized Tee is crafted for individuals who appreciate architectural structure and superior drape. Woven from 100% long-staple combed cotton at 240 GSM, it offers the ideal heft without feeling suffocating. Features double-needle reinforced chain stitching at the shoulders, custom ribbed collar that retains its shape wash after wash, and pre-shrunk bio-wash finishing for supreme softness.","","","taxable","standard","1","25","0","0","0.35","30","25","3","1","","999","1499","Oversized T-Shirts","streetwear, 240gsm, oversized, axdoro, heavyweight","","https://images.unsplash.com/photo-1624378439575-d8705ad7ae80?auto=format&fit=crop&w=800&q=80, https://images.unsplash.com/photo-1509967419530-da38b4704bc6?auto=format&fit=crop&w=800&q=80, https://images.unsplash.com/photo-1618354691373-d851c5c3a990?auto=format&fit=crop&w=800&q=80","","","","","","","","","0","Size","XS, S, M, L, XL, XXL","1","1","Color","Urban Black, Off White, Sage Green","1","1","GSM","240 GSM","1","1"
"17","variable","AX-OS-017","Aesthetic Void High-Density Tee","1","1","visible","Engineered from signature 240 GSM combed cotton with a structured drop-shoulder drape and durable non-curling collar.","The Aesthetic Void High-Density Tee is crafted for individuals who appreciate architectural structure and superior drape. Woven from 100% long-staple combed cotton at 240 GSM, it offers the ideal heft without feeling suffocating. Features double-needle reinforced chain stitching at the shoulders, custom ribbed collar that retains its shape wash after wash, and pre-shrunk bio-wash finishing for supreme softness.","","","taxable","standard","1","38","0","0","0.35","30","25","3","1","","1099","1599","Oversized T-Shirts","streetwear, 240gsm, oversized, axdoro, heavyweight","","https://images.unsplash.com/photo-1562157873-818bc0726f68?auto=format&fit=crop&w=800&q=80, https://images.unsplash.com/photo-1618354691438-25bc04584c03?auto=format&fit=crop&w=800&q=80, https://images.unsplash.com/photo-1527719327859-c6ce80353573?auto=format&fit=crop&w=800&q=80","","","","","","","","","0","Size","XS, S, M, L, XL, XXL","1","1","Color","Washed Charcoal, Sage Green, Mocha Brown","1","1","GSM","240 GSM","1","1"
"18","variable","AX-OS-018","Infinite Canvas Drop Shoulder Tee","1","0","visible","Engineered from signature 240 GSM combed cotton with a structured drop-shoulder drape and durable non-curling collar.","The Infinite Canvas Drop Shoulder Tee is crafted for individuals who appreciate architectural structure and superior drape. Woven from 100% long-staple combed cotton at 240 GSM, it offers the ideal heft without feeling suffocating. Features double-needle reinforced chain stitching at the shoulders, custom ribbed collar that retains its shape wash after wash, and pre-shrunk bio-wash finishing for supreme softness.","","","taxable","standard","1","51","0","0","0.35","30","25","3","1","","1199","1699","Oversized T-Shirts","streetwear, 240gsm, oversized, axdoro, heavyweight","","https://images.unsplash.com/photo-1578632767115-351597cf2477?auto=format&fit=crop&w=800&q=80, https://images.unsplash.com/photo-1578632767114-114407b4695b?auto=format&fit=crop&w=800&q=80, https://images.unsplash.com/photo-1529139574466-a303027c1d8b?auto=format&fit=crop&w=800&q=80","","","","","","","","","0","Size","XS, S, M, L, XL, XXL","1","1","Color","Sand Dune, Mocha Brown, Navy Blue","1","1","GSM","240 GSM","1","1"
"19","variable","AX-OS-019","Zero Gravity Heavy Boxy Tee","1","0","visible","Engineered from signature 240 GSM combed cotton with a structured drop-shoulder drape and durable non-curling collar.","The Zero Gravity Heavy Boxy Tee is crafted for individuals who appreciate architectural structure and superior drape. Woven from 100% long-staple combed cotton at 240 GSM, it offers the ideal heft without feeling suffocating. Features double-needle reinforced chain stitching at the shoulders, custom ribbed collar that retains its shape wash after wash, and pre-shrunk bio-wash finishing for supreme softness.","","","taxable","standard","1","19","0","0","0.35","30","25","3","1","","1299","1799","Oversized T-Shirts","streetwear, 240gsm, oversized, axdoro, heavyweight","","https://images.unsplash.com/photo-1515886657613-9f3515b0c78f?auto=format&fit=crop&w=800&q=80, https://images.unsplash.com/photo-1544441893-675973e31985?auto=format&fit=crop&w=800&q=80, https://images.unsplash.com/photo-1489987707025-afc232f7ea0f?auto=format&fit=crop&w=800&q=80","","","","","","","","","0","Size","XS, S, M, L, XL, XXL","1","1","Color","Terracotta, Navy Blue, Slate Grey","1","1","GSM","240 GSM","1","1"
"20","variable","AX-OS-020","Apex Predator Streetwear Oversized Tee","1","0","visible","Engineered from signature 240 GSM combed cotton with a structured drop-shoulder drape and durable non-curling collar.","The Apex Predator Streetwear Oversized Tee is crafted for individuals who appreciate architectural structure and superior drape. Woven from 100% long-staple combed cotton at 240 GSM, it offers the ideal heft without feeling suffocating. Features double-needle reinforced chain stitching at the shoulders, custom ribbed collar that retains its shape wash after wash, and pre-shrunk bio-wash finishing for supreme softness.","","","taxable","standard","1","32","0","0","0.35","30","25","3","1","","1399","1899","Oversized T-Shirts","streetwear, 240gsm, oversized, axdoro, heavyweight","","https://images.unsplash.com/photo-1503342394128-c104d54dba01?auto=format&fit=crop&w=800&q=80, https://images.unsplash.com/photo-1558769132-cb1aea458c5e?auto=format&fit=crop&w=800&q=80, https://images.unsplash.com/photo-1508427953056-b00b8d78ebf5?auto=format&fit=crop&w=800&q=80","","","","","","","","","0","Size","XS, S, M, L, XL, XXL","1","1","Color","Muted Olive, Slate Grey, Off White","1","1","GSM","240 GSM","1","1"
"21","variable","AX-OS-021","AXDORO Signature Oversized Heavy Tee Edition 2","1","0","visible","Engineered from signature 240 GSM combed cotton with a structured drop-shoulder drape and durable non-curling collar.","The AXDORO Signature Oversized Heavy Tee Edition 2 is crafted for individuals who appreciate architectural structure and superior drape. Woven from 100% long-staple combed cotton at 240 GSM, it offers the ideal heft without feeling suffocating. Features double-needle reinforced chain stitching at the shoulders, custom ribbed collar that retains its shape wash after wash, and pre-shrunk bio-wash finishing for supreme softness.","","","taxable","standard","1","45","0","0","0.35","30","25","3","1","","999","1499","Oversized T-Shirts","streetwear, 240gsm, oversized, axdoro, heavyweight","","https://images.unsplash.com/photo-1576566588028-4147f3842f27?auto=format&fit=crop&w=800&q=80, https://images.unsplash.com/photo-1503342217505-b0a15ec3261c?auto=format&fit=crop&w=800&q=80, https://images.unsplash.com/photo-1521572267360-ee0c2909d518?auto=format&fit=crop&w=800&q=80","","","","","","","","","0","Size","XS, S, M, L, XL, XXL","1","1","Color","Urban Black, Off White, Sage Green","1","1","GSM","240 GSM","1","1"
"22","variable","AX-OS-022","Tokyo Neon Cyberpunk Drop Shoulder Tee Edition 2","1","1","visible","Engineered from signature 240 GSM combed cotton with a structured drop-shoulder drape and durable non-curling collar.","The Tokyo Neon Cyberpunk Drop Shoulder Tee Edition 2 is crafted for individuals who appreciate architectural structure and superior drape. Woven from 100% long-staple combed cotton at 240 GSM, it offers the ideal heft without feeling suffocating. Features double-needle reinforced chain stitching at the shoulders, custom ribbed collar that retains its shape wash after wash, and pre-shrunk bio-wash finishing for supreme softness.","","","taxable","standard","1","13","0","0","0.35","30","25","3","1","","1099","1599","Oversized T-Shirts","streetwear, 240gsm, oversized, axdoro, heavyweight","","https://images.unsplash.com/photo-1583743814966-8936f5b7be1a?auto=format&fit=crop&w=800&q=80, https://images.unsplash.com/photo-1556905055-8f358a7a47b2?auto=format&fit=crop&w=800&q=80, https://images.unsplash.com/photo-1624378439575-d8705ad7ae80?auto=format&fit=crop&w=800&q=80","","","","","","","","","0","Size","XS, S, M, L, XL, XXL","1","1","Color","Washed Charcoal, Sage Green, Mocha Brown","1","1","GSM","240 GSM","1","1"
"23","variable","AX-OS-023","Urban Nomad Heavyweight Boxy Tee Edition 2","1","0","visible","Engineered from signature 240 GSM combed cotton with a structured drop-shoulder drape and durable non-curling collar.","The Urban Nomad Heavyweight Boxy Tee Edition 2 is crafted for individuals who appreciate architectural structure and superior drape. Woven from 100% long-staple combed cotton at 240 GSM, it offers the ideal heft without feeling suffocating. Features double-needle reinforced chain stitching at the shoulders, custom ribbed collar that retains its shape wash after wash, and pre-shrunk bio-wash finishing for supreme softness.","","","taxable","standard","1","26","0","0","0.35","30","25","3","1","","1199","1699","Oversized T-Shirts","streetwear, 240gsm, oversized, axdoro, heavyweight","","https://images.unsplash.com/photo-1509967419530-da38b4704bc6?auto=format&fit=crop&w=800&q=80, https://images.unsplash.com/photo-1618354691373-d851c5c3a990?auto=format&fit=crop&w=800&q=80, https://images.unsplash.com/photo-1562157873-818bc0726f68?auto=format&fit=crop&w=800&q=80","","","","","","","","","0","Size","XS, S, M, L, XL, XXL","1","1","Color","Sand Dune, Mocha Brown, Navy Blue","1","1","GSM","240 GSM","1","1"
"24","variable","AX-OS-024","Renaissance Glitch 240 GSM Tee Edition 2","1","0","visible","Engineered from signature 240 GSM combed cotton with a structured drop-shoulder drape and durable non-curling collar.","The Renaissance Glitch 240 GSM Tee Edition 2 is crafted for individuals who appreciate architectural structure and superior drape. Woven from 100% long-staple combed cotton at 240 GSM, it offers the ideal heft without feeling suffocating. Features double-needle reinforced chain stitching at the shoulders, custom ribbed collar that retains its shape wash after wash, and pre-shrunk bio-wash finishing for supreme softness.","","","taxable","standard","1","39","0","0","0.35","30","25","3","1","","1299","1799","Oversized T-Shirts","streetwear, 240gsm, oversized, axdoro, heavyweight","","https://images.unsplash.com/photo-1618354691438-25bc04584c03?auto=format&fit=crop&w=800&q=80, https://images.unsplash.com/photo-1527719327859-c6ce80353573?auto=format&fit=crop&w=800&q=80, https://images.unsplash.com/photo-1578632767115-351597cf2477?auto=format&fit=crop&w=800&q=80","","","","","","","","","0","Size","XS, S, M, L, XL, XXL","1","1","Color","Terracotta, Navy Blue, Slate Grey","1","1","GSM","240 GSM","1","1"
"25","variable","AX-OS-025","Monochrome Heavyweight Streetwear Tee Edition 2","1","0","visible","Engineered from signature 240 GSM combed cotton with a structured drop-shoulder drape and durable non-curling collar.","The Monochrome Heavyweight Streetwear Tee Edition 2 is crafted for individuals who appreciate architectural structure and superior drape. Woven from 100% long-staple combed cotton at 240 GSM, it offers the ideal heft without feeling suffocating. Features double-needle reinforced chain stitching at the shoulders, custom ribbed collar that retains its shape wash after wash, and pre-shrunk bio-wash finishing for supreme softness.","","","taxable","standard","1","52","0","0","0.35","30","25","3","1","","1399","1899","Oversized T-Shirts","streetwear, 240gsm, oversized, axdoro, heavyweight","","https://images.unsplash.com/photo-1578632767114-114407b4695b?auto=format&fit=crop&w=800&q=80, https://images.unsplash.com/photo-1529139574466-a303027c1d8b?auto=format&fit=crop&w=800&q=80, https://images.unsplash.com/photo-1515886657613-9f3515b0c78f?auto=format&fit=crop&w=800&q=80","","","","","","","","","0","Size","XS, S, M, L, XL, XXL","1","1","Color","Muted Olive, Slate Grey, Off White","1","1","GSM","240 GSM","1","1"
"26","variable","AX-OS-026","Astral Dimension Backprint Oversized Tee Edition 2","1","0","visible","Engineered from signature 240 GSM combed cotton with a structured drop-shoulder drape and durable non-curling collar.","The Astral Dimension Backprint Oversized Tee Edition 2 is crafted for individuals who appreciate architectural structure and superior drape. Woven from 100% long-staple combed cotton at 240 GSM, it offers the ideal heft without feeling suffocating. Features double-needle reinforced chain stitching at the shoulders, custom ribbed collar that retains its shape wash after wash, and pre-shrunk bio-wash finishing for supreme softness.","","","taxable","standard","1","20","0","0","0.35","30","25","3","1","","999","1499","Oversized T-Shirts","streetwear, 240gsm, oversized, axdoro, heavyweight","","https://images.unsplash.com/photo-1544441893-675973e31985?auto=format&fit=crop&w=800&q=80, https://images.unsplash.com/photo-1489987707025-afc232f7ea0f?auto=format&fit=crop&w=800&q=80, https://images.unsplash.com/photo-1503342394128-c104d54dba01?auto=format&fit=crop&w=800&q=80","","","","","","","","","0","Size","XS, S, M, L, XL, XXL","1","1","Color","Urban Black, Off White, Sage Green","1","1","GSM","240 GSM","1","1"
"27","variable","AX-OS-027","Nocturnal Rebellion Drop Shoulder Tee Edition 2","1","1","visible","Engineered from signature 240 GSM combed cotton with a structured drop-shoulder drape and durable non-curling collar.","The Nocturnal Rebellion Drop Shoulder Tee Edition 2 is crafted for individuals who appreciate architectural structure and superior drape. Woven from 100% long-staple combed cotton at 240 GSM, it offers the ideal heft without feeling suffocating. Features double-needle reinforced chain stitching at the shoulders, custom ribbed collar that retains its shape wash after wash, and pre-shrunk bio-wash finishing for supreme softness.","","","taxable","standard","1","33","0","0","0.35","30","25","3","1","","1099","1599","Oversized T-Shirts","streetwear, 240gsm, oversized, axdoro, heavyweight","","https://images.unsplash.com/photo-1558769132-cb1aea458c5e?auto=format&fit=crop&w=800&q=80, https://images.unsplash.com/photo-1508427953056-b00b8d78ebf5?auto=format&fit=crop&w=800&q=80, https://images.unsplash.com/photo-1576566588028-4147f3842f27?auto=format&fit=crop&w=800&q=80","","","","","","","","","0","Size","XS, S, M, L, XL, XXL","1","1","Color","Washed Charcoal, Sage Green, Mocha Brown","1","1","GSM","240 GSM","1","1"
"28","variable","AX-OS-028","Concrete Jungle Typography Heavy Tee Edition 2","1","0","visible","Engineered from signature 240 GSM combed cotton with a structured drop-shoulder drape and durable non-curling collar.","The Concrete Jungle Typography Heavy Tee Edition 2 is crafted for individuals who appreciate architectural structure and superior drape. Woven from 100% long-staple combed cotton at 240 GSM, it offers the ideal heft without feeling suffocating. Features double-needle reinforced chain stitching at the shoulders, custom ribbed collar that retains its shape wash after wash, and pre-shrunk bio-wash finishing for supreme softness.","","","taxable","standard","1","46","0","0","0.35","30","25","3","1","","1199","1699","Oversized T-Shirts","streetwear, 240gsm, oversized, axdoro, heavyweight","","https://images.unsplash.com/photo-1503342217505-b0a15ec3261c?auto=format&fit=crop&w=800&q=80, https://images.unsplash.com/photo-1521572267360-ee0c2909d518?auto=format&fit=crop&w=800&q=80, https://images.unsplash.com/photo-1583743814966-8936f5b7be1a?auto=format&fit=crop&w=800&q=80","","","","","","","","","0","Size","XS, S, M, L, XL, XXL","1","1","Color","Sand Dune, Mocha Brown, Navy Blue","1","1","GSM","240 GSM","1","1"
"29","variable","AX-OS-029","Kinetic Motion Graphic Oversized Tee Edition 2","1","0","visible","Engineered from signature 240 GSM combed cotton with a structured drop-shoulder drape and durable non-curling collar.","The Kinetic Motion Graphic Oversized Tee Edition 2 is crafted for individuals who appreciate architectural structure and superior drape. Woven from 100% long-staple combed cotton at 240 GSM, it offers the ideal heft without feeling suffocating. Features double-needle reinforced chain stitching at the shoulders, custom ribbed collar that retains its shape wash after wash, and pre-shrunk bio-wash finishing for supreme softness.","","","taxable","standard","1","14","0","0","0.35","30","25","3","1","","1299","1799","Oversized T-Shirts","streetwear, 240gsm, oversized, axdoro, heavyweight","","https://images.unsplash.com/photo-1556905055-8f358a7a47b2?auto=format&fit=crop&w=800&q=80, https://images.unsplash.com/photo-1624378439575-d8705ad7ae80?auto=format&fit=crop&w=800&q=80, https://images.unsplash.com/photo-1509967419530-da38b4704bc6?auto=format&fit=crop&w=800&q=80","","","","","","","","","0","Size","XS, S, M, L, XL, XXL","1","1","Color","Terracotta, Navy Blue, Slate Grey","1","1","GSM","240 GSM","1","1"
"30","variable","AX-OS-030","Raw Edge Heavyweight Boxy Tee Edition 2","1","0","visible","Engineered from signature 240 GSM combed cotton with a structured drop-shoulder drape and durable non-curling collar.","The Raw Edge Heavyweight Boxy Tee Edition 2 is crafted for individuals who appreciate architectural structure and superior drape. Woven from 100% long-staple combed cotton at 240 GSM, it offers the ideal heft without feeling suffocating. Features double-needle reinforced chain stitching at the shoulders, custom ribbed collar that retains its shape wash after wash, and pre-shrunk bio-wash finishing for supreme softness.","","","taxable","standard","1","27","0","0","0.35","30","25","3","1","","1399","1899","Oversized T-Shirts","streetwear, 240gsm, oversized, axdoro, heavyweight","","https://images.unsplash.com/photo-1618354691373-d851c5c3a990?auto=format&fit=crop&w=800&q=80, https://images.unsplash.com/photo-1562157873-818bc0726f68?auto=format&fit=crop&w=800&q=80, https://images.unsplash.com/photo-1618354691438-25bc04584c03?auto=format&fit=crop&w=800&q=80","","","","","","","","","0","Size","XS, S, M, L, XL, XXL","1","1","Color","Muted Olive, Slate Grey, Off White","1","1","GSM","240 GSM","1","1"
"31","variable","AX-OS-031","Neo-Industrial Minimal Drop Tee Edition 2","1","0","visible","Engineered from signature 240 GSM combed cotton with a structured drop-shoulder drape and durable non-curling collar.","The Neo-Industrial Minimal Drop Tee Edition 2 is crafted for individuals who appreciate architectural structure and superior drape. Woven from 100% long-staple combed cotton at 240 GSM, it offers the ideal heft without feeling suffocating. Features double-needle reinforced chain stitching at the shoulders, custom ribbed collar that retains its shape wash after wash, and pre-shrunk bio-wash finishing for supreme softness.","","","taxable","standard","1","40","0","0","0.35","30","25","3","1","","999","1499","Oversized T-Shirts","streetwear, 240gsm, oversized, axdoro, heavyweight","","https://images.unsplash.com/photo-1527719327859-c6ce80353573?auto=format&fit=crop&w=800&q=80, https://images.unsplash.com/photo-1578632767115-351597cf2477?auto=format&fit=crop&w=800&q=80, https://images.unsplash.com/photo-1578632767114-114407b4695b?auto=format&fit=crop&w=800&q=80","","","","","","","","","0","Size","XS, S, M, L, XL, XXL","1","1","Color","Urban Black, Off White, Sage Green","1","1","GSM","240 GSM","1","1"
"32","variable","AX-OS-032","Shadow Core Heavyweight Oversized Tee Edition 2","1","1","visible","Engineered from signature 240 GSM combed cotton with a structured drop-shoulder drape and durable non-curling collar.","The Shadow Core Heavyweight Oversized Tee Edition 2 is crafted for individuals who appreciate architectural structure and superior drape. Woven from 100% long-staple combed cotton at 240 GSM, it offers the ideal heft without feeling suffocating. Features double-needle reinforced chain stitching at the shoulders, custom ribbed collar that retains its shape wash after wash, and pre-shrunk bio-wash finishing for supreme softness.","","","taxable","standard","1","53","0","0","0.35","30","25","3","1","","1099","1599","Oversized T-Shirts","streetwear, 240gsm, oversized, axdoro, heavyweight","","https://images.unsplash.com/photo-1529139574466-a303027c1d8b?auto=format&fit=crop&w=800&q=80, https://images.unsplash.com/photo-1515886657613-9f3515b0c78f?auto=format&fit=crop&w=800&q=80, https://images.unsplash.com/photo-1544441893-675973e31985?auto=format&fit=crop&w=800&q=80","","","","","","","","","0","Size","XS, S, M, L, XL, XXL","1","1","Color","Washed Charcoal, Sage Green, Mocha Brown","1","1","GSM","240 GSM","1","1"
"33","variable","AX-OS-033","Subversive Arts Heavy Cotton Tee Edition 2","1","0","visible","Engineered from signature 240 GSM combed cotton with a structured drop-shoulder drape and durable non-curling collar.","The Subversive Arts Heavy Cotton Tee Edition 2 is crafted for individuals who appreciate architectural structure and superior drape. Woven from 100% long-staple combed cotton at 240 GSM, it offers the ideal heft without feeling suffocating. Features double-needle reinforced chain stitching at the shoulders, custom ribbed collar that retains its shape wash after wash, and pre-shrunk bio-wash finishing for supreme softness.","","","taxable","standard","1","21","0","0","0.35","30","25","3","1","","1199","1699","Oversized T-Shirts","streetwear, 240gsm, oversized, axdoro, heavyweight","","https://images.unsplash.com/photo-1489987707025-afc232f7ea0f?auto=format&fit=crop&w=800&q=80, https://images.unsplash.com/photo-1503342394128-c104d54dba01?auto=format&fit=crop&w=800&q=80, https://images.unsplash.com/photo-1558769132-cb1aea458c5e?auto=format&fit=crop&w=800&q=80","","","","","","","","","0","Size","XS, S, M, L, XL, XXL","1","1","Color","Sand Dune, Mocha Brown, Navy Blue","1","1","GSM","240 GSM","1","1"
"34","variable","AX-OS-034","Distortion Vector Graphic Tee Edition 2","1","0","visible","Engineered from signature 240 GSM combed cotton with a structured drop-shoulder drape and durable non-curling collar.","The Distortion Vector Graphic Tee Edition 2 is crafted for individuals who appreciate architectural structure and superior drape. Woven from 100% long-staple combed cotton at 240 GSM, it offers the ideal heft without feeling suffocating. Features double-needle reinforced chain stitching at the shoulders, custom ribbed collar that retains its shape wash after wash, and pre-shrunk bio-wash finishing for supreme softness.","","","taxable","standard","1","34","0","0","0.35","30","25","3","1","","1299","1799","Oversized T-Shirts","streetwear, 240gsm, oversized, axdoro, heavyweight","","https://images.unsplash.com/photo-1508427953056-b00b8d78ebf5?auto=format&fit=crop&w=800&q=80, https://images.unsplash.com/photo-1576566588028-4147f3842f27?auto=format&fit=crop&w=800&q=80, https://images.unsplash.com/photo-1503342217505-b0a15ec3261c?auto=format&fit=crop&w=800&q=80","","","","","","","","","0","Size","XS, S, M, L, XL, XXL","1","1","Color","Terracotta, Navy Blue, Slate Grey","1","1","GSM","240 GSM","1","1"
"35","variable","AX-OS-035","Metropolis Heavyweight Street Tee Edition 2","1","0","visible","Engineered from signature 240 GSM combed cotton with a structured drop-shoulder drape and durable non-curling collar.","The Metropolis Heavyweight Street Tee Edition 2 is crafted for individuals who appreciate architectural structure and superior drape. Woven from 100% long-staple combed cotton at 240 GSM, it offers the ideal heft without feeling suffocating. Features double-needle reinforced chain stitching at the shoulders, custom ribbed collar that retains its shape wash after wash, and pre-shrunk bio-wash finishing for supreme softness.","","","taxable","standard","1","47","0","0","0.35","30","25","3","1","","1399","1899","Oversized T-Shirts","streetwear, 240gsm, oversized, axdoro, heavyweight","","https://images.unsplash.com/photo-1521572267360-ee0c2909d518?auto=format&fit=crop&w=800&q=80, https://images.unsplash.com/photo-1583743814966-8936f5b7be1a?auto=format&fit=crop&w=800&q=80, https://images.unsplash.com/photo-1556905055-8f358a7a47b2?auto=format&fit=crop&w=800&q=80","","","","","","","","","0","Size","XS, S, M, L, XL, XXL","1","1","Color","Muted Olive, Slate Grey, Off White","1","1","GSM","240 GSM","1","1"
"36","variable","AX-OS-036","Subterranean Echo Oversized Tee Edition 2","1","0","visible","Engineered from signature 240 GSM combed cotton with a structured drop-shoulder drape and durable non-curling collar.","The Subterranean Echo Oversized Tee Edition 2 is crafted for individuals who appreciate architectural structure and superior drape. Woven from 100% long-staple combed cotton at 240 GSM, it offers the ideal heft without feeling suffocating. Features double-needle reinforced chain stitching at the shoulders, custom ribbed collar that retains its shape wash after wash, and pre-shrunk bio-wash finishing for supreme softness.","","","taxable","standard","1","15","0","0","0.35","30","25","3","1","","999","1499","Oversized T-Shirts","streetwear, 240gsm, oversized, axdoro, heavyweight","","https://images.unsplash.com/photo-1624378439575-d8705ad7ae80?auto=format&fit=crop&w=800&q=80, https://images.unsplash.com/photo-1509967419530-da38b4704bc6?auto=format&fit=crop&w=800&q=80, https://images.unsplash.com/photo-1618354691373-d851c5c3a990?auto=format&fit=crop&w=800&q=80","","","","","","","","","0","Size","XS, S, M, L, XL, XXL","1","1","Color","Urban Black, Off White, Sage Green","1","1","GSM","240 GSM","1","1"
"37","variable","AX-OS-037","Aesthetic Void High-Density Tee Edition 2","1","1","visible","Engineered from signature 240 GSM combed cotton with a structured drop-shoulder drape and durable non-curling collar.","The Aesthetic Void High-Density Tee Edition 2 is crafted for individuals who appreciate architectural structure and superior drape. Woven from 100% long-staple combed cotton at 240 GSM, it offers the ideal heft without feeling suffocating. Features double-needle reinforced chain stitching at the shoulders, custom ribbed collar that retains its shape wash after wash, and pre-shrunk bio-wash finishing for supreme softness.","","","taxable","standard","1","28","0","0","0.35","30","25","3","1","","1099","1599","Oversized T-Shirts","streetwear, 240gsm, oversized, axdoro, heavyweight","","https://images.unsplash.com/photo-1562157873-818bc0726f68?auto=format&fit=crop&w=800&q=80, https://images.unsplash.com/photo-1618354691438-25bc04584c03?auto=format&fit=crop&w=800&q=80, https://images.unsplash.com/photo-1527719327859-c6ce80353573?auto=format&fit=crop&w=800&q=80","","","","","","","","","0","Size","XS, S, M, L, XL, XXL","1","1","Color","Washed Charcoal, Sage Green, Mocha Brown","1","1","GSM","240 GSM","1","1"
"38","variable","AX-OS-038","Infinite Canvas Drop Shoulder Tee Edition 2","1","0","visible","Engineered from signature 240 GSM combed cotton with a structured drop-shoulder drape and durable non-curling collar.","The Infinite Canvas Drop Shoulder Tee Edition 2 is crafted for individuals who appreciate architectural structure and superior drape. Woven from 100% long-staple combed cotton at 240 GSM, it offers the ideal heft without feeling suffocating. Features double-needle reinforced chain stitching at the shoulders, custom ribbed collar that retains its shape wash after wash, and pre-shrunk bio-wash finishing for supreme softness.","","","taxable","standard","1","41","0","0","0.35","30","25","3","1","","1199","1699","Oversized T-Shirts","streetwear, 240gsm, oversized, axdoro, heavyweight","","https://images.unsplash.com/photo-1578632767115-351597cf2477?auto=format&fit=crop&w=800&q=80, https://images.unsplash.com/photo-1578632767114-114407b4695b?auto=format&fit=crop&w=800&q=80, https://images.unsplash.com/photo-1529139574466-a303027c1d8b?auto=format&fit=crop&w=800&q=80","","","","","","","","","0","Size","XS, S, M, L, XL, XXL","1","1","Color","Sand Dune, Mocha Brown, Navy Blue","1","1","GSM","240 GSM","1","1"
"39","variable","AX-OS-039","Zero Gravity Heavy Boxy Tee Edition 2","1","0","visible","Engineered from signature 240 GSM combed cotton with a structured drop-shoulder drape and durable non-curling collar.","The Zero Gravity Heavy Boxy Tee Edition 2 is crafted for individuals who appreciate architectural structure and superior drape. Woven from 100% long-staple combed cotton at 240 GSM, it offers the ideal heft without feeling suffocating. Features double-needle reinforced chain stitching at the shoulders, custom ribbed collar that retains its shape wash after wash, and pre-shrunk bio-wash finishing for supreme softness.","","","taxable","standard","1","54","0","0","0.35","30","25","3","1","","1299","1799","Oversized T-Shirts","streetwear, 240gsm, oversized, axdoro, heavyweight","","https://images.unsplash.com/photo-1515886657613-9f3515b0c78f?auto=format&fit=crop&w=800&q=80, https://images.unsplash.com/photo-1544441893-675973e31985?auto=format&fit=crop&w=800&q=80, https://images.unsplash.com/photo-1489987707025-afc232f7ea0f?auto=format&fit=crop&w=800&q=80","","","","","","","","","0","Size","XS, S, M, L, XL, XXL","1","1","Color","Terracotta, Navy Blue, Slate Grey","1","1","GSM","240 GSM","1","1"
"40","variable","AX-OS-040","Apex Predator Streetwear Oversized Tee Edition 2","1","0","visible","Engineered from signature 240 GSM combed cotton with a structured drop-shoulder drape and durable non-curling collar.","The Apex Predator Streetwear Oversized Tee Edition 2 is crafted for individuals who appreciate architectural structure and superior drape. Woven from 100% long-staple combed cotton at 240 GSM, it offers the ideal heft without feeling suffocating. Features double-needle reinforced chain stitching at the shoulders, custom ribbed collar that retains its shape wash after wash, and pre-shrunk bio-wash finishing for supreme softness.","","","taxable","standard","1","22","0","0","0.35","30","25","3","1","","1399","1899","Oversized T-Shirts","streetwear, 240gsm, oversized, axdoro, heavyweight","","https://images.unsplash.com/photo-1503342394128-c104d54dba01?auto=format&fit=crop&w=800&q=80, https://images.unsplash.com/photo-1558769132-cb1aea458c5e?auto=format&fit=crop&w=800&q=80, https://images.unsplash.com/photo-1508427953056-b00b8d78ebf5?auto=format&fit=crop&w=800&q=80","","","","","","","","","0","Size","XS, S, M, L, XL, XXL","1","1","Color","Muted Olive, Slate Grey, Off White","1","1","GSM","240 GSM","1","1"
"41","variable","AX-OS-041","AXDORO Signature Oversized Heavy Tee Edition 3","1","0","visible","Engineered from signature 240 GSM combed cotton with a structured drop-shoulder drape and durable non-curling collar.","The AXDORO Signature Oversized Heavy Tee Edition 3 is crafted for individuals who appreciate architectural structure and superior drape. Woven from 100% long-staple combed cotton at 240 GSM, it offers the ideal heft without feeling suffocating. Features double-needle reinforced chain stitching at the shoulders, custom ribbed collar that retains its shape wash after wash, and pre-shrunk bio-wash finishing for supreme softness.","","","taxable","standard","1","35","0","0","0.35","30","25","3","1","","999","1499","Oversized T-Shirts","streetwear, 240gsm, oversized, axdoro, heavyweight","","https://images.unsplash.com/photo-1576566588028-4147f3842f27?auto=format&fit=crop&w=800&q=80, https://images.unsplash.com/photo-1503342217505-b0a15ec3261c?auto=format&fit=crop&w=800&q=80, https://images.unsplash.com/photo-1521572267360-ee0c2909d518?auto=format&fit=crop&w=800&q=80","","","","","","","","","0","Size","XS, S, M, L, XL, XXL","1","1","Color","Urban Black, Off White, Sage Green","1","1","GSM","240 GSM","1","1"
"42","variable","AX-OS-042","Tokyo Neon Cyberpunk Drop Shoulder Tee Edition 3","1","1","visible","Engineered from signature 240 GSM combed cotton with a structured drop-shoulder drape and durable non-curling collar.","The Tokyo Neon Cyberpunk Drop Shoulder Tee Edition 3 is crafted for individuals who appreciate architectural structure and superior drape. Woven from 100% long-staple combed cotton at 240 GSM, it offers the ideal heft without feeling suffocating. Features double-needle reinforced chain stitching at the shoulders, custom ribbed collar that retains its shape wash after wash, and pre-shrunk bio-wash finishing for supreme softness.","","","taxable","standard","1","48","0","0","0.35","30","25","3","1","","1099","1599","Oversized T-Shirts","streetwear, 240gsm, oversized, axdoro, heavyweight","","https://images.unsplash.com/photo-1583743814966-8936f5b7be1a?auto=format&fit=crop&w=800&q=80, https://images.unsplash.com/photo-1556905055-8f358a7a47b2?auto=format&fit=crop&w=800&q=80, https://images.unsplash.com/photo-1624378439575-d8705ad7ae80?auto=format&fit=crop&w=800&q=80","","","","","","","","","0","Size","XS, S, M, L, XL, XXL","1","1","Color","Washed Charcoal, Sage Green, Mocha Brown","1","1","GSM","240 GSM","1","1"
"43","variable","AX-OS-043","Urban Nomad Heavyweight Boxy Tee Edition 3","1","0","visible","Engineered from signature 240 GSM combed cotton with a structured drop-shoulder drape and durable non-curling collar.","The Urban Nomad Heavyweight Boxy Tee Edition 3 is crafted for individuals who appreciate architectural structure and superior drape. Woven from 100% long-staple combed cotton at 240 GSM, it offers the ideal heft without feeling suffocating. Features double-needle reinforced chain stitching at the shoulders, custom ribbed collar that retains its shape wash after wash, and pre-shrunk bio-wash finishing for supreme softness.","","","taxable","standard","1","16","0","0","0.35","30","25","3","1","","1199","1699","Oversized T-Shirts","streetwear, 240gsm, oversized, axdoro, heavyweight","","https://images.unsplash.com/photo-1509967419530-da38b4704bc6?auto=format&fit=crop&w=800&q=80, https://images.unsplash.com/photo-1618354691373-d851c5c3a990?auto=format&fit=crop&w=800&q=80, https://images.unsplash.com/photo-1562157873-818bc0726f68?auto=format&fit=crop&w=800&q=80","","","","","","","","","0","Size","XS, S, M, L, XL, XXL","1","1","Color","Sand Dune, Mocha Brown, Navy Blue","1","1","GSM","240 GSM","1","1"
"44","variable","AX-OS-044","Renaissance Glitch 240 GSM Tee Edition 3","1","0","visible","Engineered from signature 240 GSM combed cotton with a structured drop-shoulder drape and durable non-curling collar.","The Renaissance Glitch 240 GSM Tee Edition 3 is crafted for individuals who appreciate architectural structure and superior drape. Woven from 100% long-staple combed cotton at 240 GSM, it offers the ideal heft without feeling suffocating. Features double-needle reinforced chain stitching at the shoulders, custom ribbed collar that retains its shape wash after wash, and pre-shrunk bio-wash finishing for supreme softness.","","","taxable","standard","1","29","0","0","0.35","30","25","3","1","","1299","1799","Oversized T-Shirts","streetwear, 240gsm, oversized, axdoro, heavyweight","","https://images.unsplash.com/photo-1618354691438-25bc04584c03?auto=format&fit=crop&w=800&q=80, https://images.unsplash.com/photo-1527719327859-c6ce80353573?auto=format&fit=crop&w=800&q=80, https://images.unsplash.com/photo-1578632767115-351597cf2477?auto=format&fit=crop&w=800&q=80","","","","","","","","","0","Size","XS, S, M, L, XL, XXL","1","1","Color","Terracotta, Navy Blue, Slate Grey","1","1","GSM","240 GSM","1","1"
"45","variable","AX-OS-045","Monochrome Heavyweight Streetwear Tee Edition 3","1","0","visible","Engineered from signature 240 GSM combed cotton with a structured drop-shoulder drape and durable non-curling collar.","The Monochrome Heavyweight Streetwear Tee Edition 3 is crafted for individuals who appreciate architectural structure and superior drape. Woven from 100% long-staple combed cotton at 240 GSM, it offers the ideal heft without feeling suffocating. Features double-needle reinforced chain stitching at the shoulders, custom ribbed collar that retains its shape wash after wash, and pre-shrunk bio-wash finishing for supreme softness.","","","taxable","standard","1","42","0","0","0.35","30","25","3","1","","1399","1899","Oversized T-Shirts","streetwear, 240gsm, oversized, axdoro, heavyweight","","https://images.unsplash.com/photo-1578632767114-114407b4695b?auto=format&fit=crop&w=800&q=80, https://images.unsplash.com/photo-1529139574466-a303027c1d8b?auto=format&fit=crop&w=800&q=80, https://images.unsplash.com/photo-1515886657613-9f3515b0c78f?auto=format&fit=crop&w=800&q=80","","","","","","","","","0","Size","XS, S, M, L, XL, XXL","1","1","Color","Muted Olive, Slate Grey, Off White","1","1","GSM","240 GSM","1","1"
"46","variable","AX-OS-046","Astral Dimension Backprint Oversized Tee Edition 3","1","0","visible","Engineered from signature 240 GSM combed cotton with a structured drop-shoulder drape and durable non-curling collar.","The Astral Dimension Backprint Oversized Tee Edition 3 is crafted for individuals who appreciate architectural structure and superior drape. Woven from 100% long-staple combed cotton at 240 GSM, it offers the ideal heft without feeling suffocating. Features double-needle reinforced chain stitching at the shoulders, custom ribbed collar that retains its shape wash after wash, and pre-shrunk bio-wash finishing for supreme softness.","","","taxable","standard","1","10","0","0","0.35","30","25","3","1","","999","1499","Oversized T-Shirts","streetwear, 240gsm, oversized, axdoro, heavyweight","","https://images.unsplash.com/photo-1544441893-675973e31985?auto=format&fit=crop&w=800&q=80, https://images.unsplash.com/photo-1489987707025-afc232f7ea0f?auto=format&fit=crop&w=800&q=80, https://images.unsplash.com/photo-1503342394128-c104d54dba01?auto=format&fit=crop&w=800&q=80","","","","","","","","","0","Size","XS, S, M, L, XL, XXL","1","1","Color","Urban Black, Off White, Sage Green","1","1","GSM","240 GSM","1","1"
"47","variable","AX-OS-047","Nocturnal Rebellion Drop Shoulder Tee Edition 3","1","1","visible","Engineered from signature 240 GSM combed cotton with a structured drop-shoulder drape and durable non-curling collar.","The Nocturnal Rebellion Drop Shoulder Tee Edition 3 is crafted for individuals who appreciate architectural structure and superior drape. Woven from 100% long-staple combed cotton at 240 GSM, it offers the ideal heft without feeling suffocating. Features double-needle reinforced chain stitching at the shoulders, custom ribbed collar that retains its shape wash after wash, and pre-shrunk bio-wash finishing for supreme softness.","","","taxable","standard","1","23","0","0","0.35","30","25","3","1","","1099","1599","Oversized T-Shirts","streetwear, 240gsm, oversized, axdoro, heavyweight","","https://images.unsplash.com/photo-1558769132-cb1aea458c5e?auto=format&fit=crop&w=800&q=80, https://images.unsplash.com/photo-1508427953056-b00b8d78ebf5?auto=format&fit=crop&w=800&q=80, https://images.unsplash.com/photo-1576566588028-4147f3842f27?auto=format&fit=crop&w=800&q=80","","","","","","","","","0","Size","XS, S, M, L, XL, XXL","1","1","Color","Washed Charcoal, Sage Green, Mocha Brown","1","1","GSM","240 GSM","1","1"
"48","variable","AX-OS-048","Concrete Jungle Typography Heavy Tee Edition 3","1","0","visible","Engineered from signature 240 GSM combed cotton with a structured drop-shoulder drape and durable non-curling collar.","The Concrete Jungle Typography Heavy Tee Edition 3 is crafted for individuals who appreciate architectural structure and superior drape. Woven from 100% long-staple combed cotton at 240 GSM, it offers the ideal heft without feeling suffocating. Features double-needle reinforced chain stitching at the shoulders, custom ribbed collar that retains its shape wash after wash, and pre-shrunk bio-wash finishing for supreme softness.","","","taxable","standard","1","36","0","0","0.35","30","25","3","1","","1199","1699","Oversized T-Shirts","streetwear, 240gsm, oversized, axdoro, heavyweight","","https://images.unsplash.com/photo-1503342217505-b0a15ec3261c?auto=format&fit=crop&w=800&q=80, https://images.unsplash.com/photo-1521572267360-ee0c2909d518?auto=format&fit=crop&w=800&q=80, https://images.unsplash.com/photo-1583743814966-8936f5b7be1a?auto=format&fit=crop&w=800&q=80","","","","","","","","","0","Size","XS, S, M, L, XL, XXL","1","1","Color","Sand Dune, Mocha Brown, Navy Blue","1","1","GSM","240 GSM","1","1"
"49","variable","AX-OS-049","Kinetic Motion Graphic Oversized Tee Edition 3","1","0","visible","Engineered from signature 240 GSM combed cotton with a structured drop-shoulder drape and durable non-curling collar.","The Kinetic Motion Graphic Oversized Tee Edition 3 is crafted for individuals who appreciate architectural structure and superior drape. Woven from 100% long-staple combed cotton at 240 GSM, it offers the ideal heft without feeling suffocating. Features double-needle reinforced chain stitching at the shoulders, custom ribbed collar that retains its shape wash after wash, and pre-shrunk bio-wash finishing for supreme softness.","","","taxable","standard","1","49","0","0","0.35","30","25","3","1","","1299","1799","Oversized T-Shirts","streetwear, 240gsm, oversized, axdoro, heavyweight","","https://images.unsplash.com/photo-1556905055-8f358a7a47b2?auto=format&fit=crop&w=800&q=80, https://images.unsplash.com/photo-1624378439575-d8705ad7ae80?auto=format&fit=crop&w=800&q=80, https://images.unsplash.com/photo-1509967419530-da38b4704bc6?auto=format&fit=crop&w=800&q=80","","","","","","","","","0","Size","XS, S, M, L, XL, XXL","1","1","Color","Terracotta, Navy Blue, Slate Grey","1","1","GSM","240 GSM","1","1"
"50","variable","AX-OS-050","Raw Edge Heavyweight Boxy Tee Edition 3","1","0","visible","Engineered from signature 240 GSM combed cotton with a structured drop-shoulder drape and durable non-curling collar.","The Raw Edge Heavyweight Boxy Tee Edition 3 is crafted for individuals who appreciate architectural structure and superior drape. Woven from 100% long-staple combed cotton at 240 GSM, it offers the ideal heft without feeling suffocating. Features double-needle reinforced chain stitching at the shoulders, custom ribbed collar that retains its shape wash after wash, and pre-shrunk bio-wash finishing for supreme softness.","","","taxable","standard","1","17","0","0","0.35","30","25","3","1","","1399","1899","Oversized T-Shirts","streetwear, 240gsm, oversized, axdoro, heavyweight","","https://images.unsplash.com/photo-1618354691373-d851c5c3a990?auto=format&fit=crop&w=800&q=80, https://images.unsplash.com/photo-1562157873-818bc0726f68?auto=format&fit=crop&w=800&q=80, https://images.unsplash.com/photo-1618354691438-25bc04584c03?auto=format&fit=crop&w=800&q=80","","","","","","","","","0","Size","XS, S, M, L, XL, XXL","1","1","Color","Muted Olive, Slate Grey, Off White","1","1","GSM","240 GSM","1","1"
"51","variable","AX-GR-051","Aetherial Spectrum Backprint Graphic Tee","1","0","visible","Engineered from signature 240 GSM combed cotton with a structured drop-shoulder drape and durable non-curling collar.","The Aetherial Spectrum Backprint Graphic Tee is crafted for individuals who appreciate architectural structure and superior drape. Woven from 100% long-staple combed cotton at 240 GSM, it offers the ideal heft without feeling suffocating. Features double-needle reinforced chain stitching at the shoulders, custom ribbed collar that retains its shape wash after wash, and pre-shrunk bio-wash finishing for supreme softness.","","","taxable","standard","1","10","0","0","0.35","30","25","3","1","","1199","1699","Graphic Streetwear","streetwear, 240gsm, boxy, axdoro, heavyweight","","https://images.unsplash.com/photo-1576566588028-4147f3842f27?auto=format&fit=crop&w=800&q=80, https://images.unsplash.com/photo-1503342217505-b0a15ec3261c?auto=format&fit=crop&w=800&q=80, https://images.unsplash.com/photo-1521572267360-ee0c2909d518?auto=format&fit=crop&w=800&q=80","","","","","","","","","0","Size","XS, S, M, L, XL, XXL","1","1","Color","Urban Black, Off White, Sage Green","1","1","GSM","240 GSM","1","1"
"52","variable","AX-GR-052","Cyber Shinjuku High-Density Graphic Tee","1","1","visible","Engineered from signature 240 GSM combed cotton with a structured drop-shoulder drape and durable non-curling collar.","The Cyber Shinjuku High-Density Graphic Tee is crafted for individuals who appreciate architectural structure and superior drape. Woven from 100% long-staple combed cotton at 240 GSM, it offers the ideal heft without feeling suffocating. Features double-needle reinforced chain stitching at the shoulders, custom ribbed collar that retains its shape wash after wash, and pre-shrunk bio-wash finishing for supreme softness.","","","taxable","standard","1","23","0","0","0.35","30","25","3","1","","1299","1799","Graphic Streetwear","streetwear, 240gsm, boxy, axdoro, heavyweight","","https://images.unsplash.com/photo-1583743814966-8936f5b7be1a?auto=format&fit=crop&w=800&q=80, https://images.unsplash.com/photo-1556905055-8f358a7a47b2?auto=format&fit=crop&w=800&q=80, https://images.unsplash.com/photo-1624378439575-d8705ad7ae80?auto=format&fit=crop&w=800&q=80","","","","","","","","","0","Size","XS, S, M, L, XL, XXL","1","1","Color","Washed Charcoal, Sage Green, Mocha Brown","1","1","GSM","240 GSM","1","1"
"53","variable","AX-GR-053","Ethereal Mind Typography Heavyweight Tee","1","0","visible","Engineered from signature 240 GSM combed cotton with a structured drop-shoulder drape and durable non-curling collar.","The Ethereal Mind Typography Heavyweight Tee is crafted for individuals who appreciate architectural structure and superior drape. Woven from 100% long-staple combed cotton at 240 GSM, it offers the ideal heft without feeling suffocating. Features double-needle reinforced chain stitching at the shoulders, custom ribbed collar that retains its shape wash after wash, and pre-shrunk bio-wash finishing for supreme softness.","","","taxable","standard","1","36","0","0","0.35","30","25","3","1","","1399","1899","Graphic Streetwear","streetwear, 240gsm, boxy, axdoro, heavyweight","","https://images.unsplash.com/photo-1509967419530-da38b4704bc6?auto=format&fit=crop&w=800&q=80, https://images.unsplash.com/photo-1618354691373-d851c5c3a990?auto=format&fit=crop&w=800&q=80, https://images.unsplash.com/photo-1562157873-818bc0726f68?auto=format&fit=crop&w=800&q=80","","","","","","","","","0","Size","XS, S, M, L, XL, XXL","1","1","Color","Sand Dune, Mocha Brown, Navy Blue","1","1","GSM","240 GSM","1","1"
"54","variable","AX-GR-054","Vanguard Division Heavy Graphic Drop","1","0","visible","Engineered from signature 240 GSM combed cotton with a structured drop-shoulder drape and durable non-curling collar.","The Vanguard Division Heavy Graphic Drop is crafted for individuals who appreciate architectural structure and superior drape. Woven from 100% long-staple combed cotton at 240 GSM, it offers the ideal heft without feeling suffocating. Features double-needle reinforced chain stitching at the shoulders, custom ribbed collar that retains its shape wash after wash, and pre-shrunk bio-wash finishing for supreme softness.","","","taxable","standard","1","49","0","0","0.35","30","25","3","1","","1499","1999","Graphic Streetwear","streetwear, 240gsm, boxy, axdoro, heavyweight","","https://images.unsplash.com/photo-1618354691438-25bc04584c03?auto=format&fit=crop&w=800&q=80, https://images.unsplash.com/photo-1527719327859-c6ce80353573?auto=format&fit=crop&w=800&q=80, https://images.unsplash.com/photo-1578632767115-351597cf2477?auto=format&fit=crop&w=800&q=80","","","","","","","","","0","Size","XS, S, M, L, XL, XXL","1","1","Color","Terracotta, Navy Blue, Slate Grey","1","1","GSM","240 GSM","1","1"
"55","variable","AX-GR-055","Hyperdrive Distortion Oversized Tee","1","0","visible","Engineered from signature 240 GSM combed cotton with a structured drop-shoulder drape and durable non-curling collar.","The Hyperdrive Distortion Oversized Tee is crafted for individuals who appreciate architectural structure and superior drape. Woven from 100% long-staple combed cotton at 240 GSM, it offers the ideal heft without feeling suffocating. Features double-needle reinforced chain stitching at the shoulders, custom ribbed collar that retains its shape wash after wash, and pre-shrunk bio-wash finishing for supreme softness.","","","taxable","standard","1","17","0","0","0.35","30","25","3","1","","1599","2099","Graphic Streetwear","streetwear, 240gsm, boxy, axdoro, heavyweight","","https://images.unsplash.com/photo-1578632767114-114407b4695b?auto=format&fit=crop&w=800&q=80, https://images.unsplash.com/photo-1529139574466-a303027c1d8b?auto=format&fit=crop&w=800&q=80, https://images.unsplash.com/photo-1515886657613-9f3515b0c78f?auto=format&fit=crop&w=800&q=80","","","","","","","","","0","Size","XS, S, M, L, XL, XXL","1","1","Color","Muted Olive, Slate Grey, Off White","1","1","GSM","240 GSM","1","1"
"56","variable","AX-GR-056","Solar Flare Screenprint Boxy Tee","1","0","visible","Engineered from signature 240 GSM combed cotton with a structured drop-shoulder drape and durable non-curling collar.","The Solar Flare Screenprint Boxy Tee is crafted for individuals who appreciate architectural structure and superior drape. Woven from 100% long-staple combed cotton at 240 GSM, it offers the ideal heft without feeling suffocating. Features double-needle reinforced chain stitching at the shoulders, custom ribbed collar that retains its shape wash after wash, and pre-shrunk bio-wash finishing for supreme softness.","","","taxable","standard","1","30","0","0","0.35","30","25","3","1","","1199","1699","Graphic Streetwear","streetwear, 240gsm, boxy, axdoro, heavyweight","","https://images.unsplash.com/photo-1544441893-675973e31985?auto=format&fit=crop&w=800&q=80, https://images.unsplash.com/photo-1489987707025-afc232f7ea0f?auto=format&fit=crop&w=800&q=80, https://images.unsplash.com/photo-1503342394128-c104d54dba01?auto=format&fit=crop&w=800&q=80","","","","","","","","","0","Size","XS, S, M, L, XL, XXL","1","1","Color","Urban Black, Off White, Sage Green","1","1","GSM","240 GSM","1","1"
"57","variable","AX-GR-057","Digital Horizon Graphic Street Tee","1","1","visible","Engineered from signature 240 GSM combed cotton with a structured drop-shoulder drape and durable non-curling collar.","The Digital Horizon Graphic Street Tee is crafted for individuals who appreciate architectural structure and superior drape. Woven from 100% long-staple combed cotton at 240 GSM, it offers the ideal heft without feeling suffocating. Features double-needle reinforced chain stitching at the shoulders, custom ribbed collar that retains its shape wash after wash, and pre-shrunk bio-wash finishing for supreme softness.","","","taxable","standard","1","43","0","0","0.35","30","25","3","1","","1299","1799","Graphic Streetwear","streetwear, 240gsm, boxy, axdoro, heavyweight","","https://images.unsplash.com/photo-1558769132-cb1aea458c5e?auto=format&fit=crop&w=800&q=80, https://images.unsplash.com/photo-1508427953056-b00b8d78ebf5?auto=format&fit=crop&w=800&q=80, https://images.unsplash.com/photo-1576566588028-4147f3842f27?auto=format&fit=crop&w=800&q=80","","","","","","","","","0","Size","XS, S, M, L, XL, XXL","1","1","Color","Washed Charcoal, Sage Green, Mocha Brown","1","1","GSM","240 GSM","1","1"
"58","variable","AX-GR-058","Obsidian Relic Heavyweight Graphic Tee","1","0","visible","Engineered from signature 240 GSM combed cotton with a structured drop-shoulder drape and durable non-curling collar.","The Obsidian Relic Heavyweight Graphic Tee is crafted for individuals who appreciate architectural structure and superior drape. Woven from 100% long-staple combed cotton at 240 GSM, it offers the ideal heft without feeling suffocating. Features double-needle reinforced chain stitching at the shoulders, custom ribbed collar that retains its shape wash after wash, and pre-shrunk bio-wash finishing for supreme softness.","","","taxable","standard","1","11","0","0","0.35","30","25","3","1","","1399","1899","Graphic Streetwear","streetwear, 240gsm, boxy, axdoro, heavyweight","","https://images.unsplash.com/photo-1503342217505-b0a15ec3261c?auto=format&fit=crop&w=800&q=80, https://images.unsplash.com/photo-1521572267360-ee0c2909d518?auto=format&fit=crop&w=800&q=80, https://images.unsplash.com/photo-1583743814966-8936f5b7be1a?auto=format&fit=crop&w=800&q=80","","","","","","","","","0","Size","XS, S, M, L, XL, XXL","1","1","Color","Sand Dune, Mocha Brown, Navy Blue","1","1","GSM","240 GSM","1","1"
"59","variable","AX-GR-059","Sonic Pulse Oversized Streetwear Tee","1","0","visible","Engineered from signature 240 GSM combed cotton with a structured drop-shoulder drape and durable non-curling collar.","The Sonic Pulse Oversized Streetwear Tee is crafted for individuals who appreciate architectural structure and superior drape. Woven from 100% long-staple combed cotton at 240 GSM, it offers the ideal heft without feeling suffocating. Features double-needle reinforced chain stitching at the shoulders, custom ribbed collar that retains its shape wash after wash, and pre-shrunk bio-wash finishing for supreme softness.","","","taxable","standard","1","24","0","0","0.35","30","25","3","1","","1499","1999","Graphic Streetwear","streetwear, 240gsm, boxy, axdoro, heavyweight","","https://images.unsplash.com/photo-1556905055-8f358a7a47b2?auto=format&fit=crop&w=800&q=80, https://images.unsplash.com/photo-1624378439575-d8705ad7ae80?auto=format&fit=crop&w=800&q=80, https://images.unsplash.com/photo-1509967419530-da38b4704bc6?auto=format&fit=crop&w=800&q=80","","","","","","","","","0","Size","XS, S, M, L, XL, XXL","1","1","Color","Terracotta, Navy Blue, Slate Grey","1","1","GSM","240 GSM","1","1"
"60","variable","AX-GR-060","Phantom State Typography Tee","1","0","visible","Engineered from signature 240 GSM combed cotton with a structured drop-shoulder drape and durable non-curling collar.","The Phantom State Typography Tee is crafted for individuals who appreciate architectural structure and superior drape. Woven from 100% long-staple combed cotton at 240 GSM, it offers the ideal heft without feeling suffocating. Features double-needle reinforced chain stitching at the shoulders, custom ribbed collar that retains its shape wash after wash, and pre-shrunk bio-wash finishing for supreme softness.","","","taxable","standard","1","37","0","0","0.35","30","25","3","1","","1599","2099","Graphic Streetwear","streetwear, 240gsm, boxy, axdoro, heavyweight","","https://images.unsplash.com/photo-1618354691373-d851c5c3a990?auto=format&fit=crop&w=800&q=80, https://images.unsplash.com/photo-1562157873-818bc0726f68?auto=format&fit=crop&w=800&q=80, https://images.unsplash.com/photo-1618354691438-25bc04584c03?auto=format&fit=crop&w=800&q=80","","","","","","","","","0","Size","XS, S, M, L, XL, XXL","1","1","Color","Muted Olive, Slate Grey, Off White","1","1","GSM","240 GSM","1","1"
"61","variable","AX-GR-061","Vortex Dimension Graphic Tee","1","0","visible","Engineered from signature 240 GSM combed cotton with a structured drop-shoulder drape and durable non-curling collar.","The Vortex Dimension Graphic Tee is crafted for individuals who appreciate architectural structure and superior drape. Woven from 100% long-staple combed cotton at 240 GSM, it offers the ideal heft without feeling suffocating. Features double-needle reinforced chain stitching at the shoulders, custom ribbed collar that retains its shape wash after wash, and pre-shrunk bio-wash finishing for supreme softness.","","","taxable","standard","1","50","0","0","0.35","30","25","3","1","","1199","1699","Graphic Streetwear","streetwear, 240gsm, boxy, axdoro, heavyweight","","https://images.unsplash.com/photo-1527719327859-c6ce80353573?auto=format&fit=crop&w=800&q=80, https://images.unsplash.com/photo-1578632767115-351597cf2477?auto=format&fit=crop&w=800&q=80, https://images.unsplash.com/photo-1578632767114-114407b4695b?auto=format&fit=crop&w=800&q=80","","","","","","","","","0","Size","XS, S, M, L, XL, XXL","1","1","Color","Urban Black, Off White, Sage Green","1","1","GSM","240 GSM","1","1"
"62","variable","AX-GR-062","Neural Matrix 240 GSM Streetwear Tee","1","1","visible","Engineered from signature 240 GSM combed cotton with a structured drop-shoulder drape and durable non-curling collar.","The Neural Matrix 240 GSM Streetwear Tee is crafted for individuals who appreciate architectural structure and superior drape. Woven from 100% long-staple combed cotton at 240 GSM, it offers the ideal heft without feeling suffocating. Features double-needle reinforced chain stitching at the shoulders, custom ribbed collar that retains its shape wash after wash, and pre-shrunk bio-wash finishing for supreme softness.","","","taxable","standard","1","18","0","0","0.35","30","25","3","1","","1299","1799","Graphic Streetwear","streetwear, 240gsm, boxy, axdoro, heavyweight","","https://images.unsplash.com/photo-1529139574466-a303027c1d8b?auto=format&fit=crop&w=800&q=80, https://images.unsplash.com/photo-1515886657613-9f3515b0c78f?auto=format&fit=crop&w=800&q=80, https://images.unsplash.com/photo-1544441893-675973e31985?auto=format&fit=crop&w=800&q=80","","","","","","","","","0","Size","XS, S, M, L, XL, XXL","1","1","Color","Washed Charcoal, Sage Green, Mocha Brown","1","1","GSM","240 GSM","1","1"
"63","variable","AX-GR-063","Quantum Shift Screenprint Heavy Tee","1","0","visible","Engineered from signature 240 GSM combed cotton with a structured drop-shoulder drape and durable non-curling collar.","The Quantum Shift Screenprint Heavy Tee is crafted for individuals who appreciate architectural structure and superior drape. Woven from 100% long-staple combed cotton at 240 GSM, it offers the ideal heft without feeling suffocating. Features double-needle reinforced chain stitching at the shoulders, custom ribbed collar that retains its shape wash after wash, and pre-shrunk bio-wash finishing for supreme softness.","","","taxable","standard","1","31","0","0","0.35","30","25","3","1","","1399","1899","Graphic Streetwear","streetwear, 240gsm, boxy, axdoro, heavyweight","","https://images.unsplash.com/photo-1489987707025-afc232f7ea0f?auto=format&fit=crop&w=800&q=80, https://images.unsplash.com/photo-1503342394128-c104d54dba01?auto=format&fit=crop&w=800&q=80, https://images.unsplash.com/photo-1558769132-cb1aea458c5e?auto=format&fit=crop&w=800&q=80","","","","","","","","","0","Size","XS, S, M, L, XL, XXL","1","1","Color","Sand Dune, Mocha Brown, Navy Blue","1","1","GSM","240 GSM","1","1"
"64","variable","AX-GR-064","Retro Futura High-Density Tee","1","0","visible","Engineered from signature 240 GSM combed cotton with a structured drop-shoulder drape and durable non-curling collar.","The Retro Futura High-Density Tee is crafted for individuals who appreciate architectural structure and superior drape. Woven from 100% long-staple combed cotton at 240 GSM, it offers the ideal heft without feeling suffocating. Features double-needle reinforced chain stitching at the shoulders, custom ribbed collar that retains its shape wash after wash, and pre-shrunk bio-wash finishing for supreme softness.","","","taxable","standard","1","44","0","0","0.35","30","25","3","1","","1499","1999","Graphic Streetwear","streetwear, 240gsm, boxy, axdoro, heavyweight","","https://images.unsplash.com/photo-1508427953056-b00b8d78ebf5?auto=format&fit=crop&w=800&q=80, https://images.unsplash.com/photo-1576566588028-4147f3842f27?auto=format&fit=crop&w=800&q=80, https://images.unsplash.com/photo-1503342217505-b0a15ec3261c?auto=format&fit=crop&w=800&q=80","","","","","","","","","0","Size","XS, S, M, L, XL, XXL","1","1","Color","Terracotta, Navy Blue, Slate Grey","1","1","GSM","240 GSM","1","1"
"65","variable","AX-GR-065","Midnight Odyssey Graphic Oversized Tee","1","0","visible","Engineered from signature 240 GSM combed cotton with a structured drop-shoulder drape and durable non-curling collar.","The Midnight Odyssey Graphic Oversized Tee is crafted for individuals who appreciate architectural structure and superior drape. Woven from 100% long-staple combed cotton at 240 GSM, it offers the ideal heft without feeling suffocating. Features double-needle reinforced chain stitching at the shoulders, custom ribbed collar that retains its shape wash after wash, and pre-shrunk bio-wash finishing for supreme softness.","","","taxable","standard","1","12","0","0","0.35","30","25","3","1","","1599","2099","Graphic Streetwear","streetwear, 240gsm, boxy, axdoro, heavyweight","","https://images.unsplash.com/photo-1521572267360-ee0c2909d518?auto=format&fit=crop&w=800&q=80, https://images.unsplash.com/photo-1583743814966-8936f5b7be1a?auto=format&fit=crop&w=800&q=80, https://images.unsplash.com/photo-1556905055-8f358a7a47b2?auto=format&fit=crop&w=800&q=80","","","","","","","","","0","Size","XS, S, M, L, XL, XXL","1","1","Color","Muted Olive, Slate Grey, Off White","1","1","GSM","240 GSM","1","1"
"66","variable","AX-GR-066","Aetherial Spectrum Backprint Graphic Tee Edition 2","1","0","visible","Engineered from signature 240 GSM combed cotton with a structured drop-shoulder drape and durable non-curling collar.","The Aetherial Spectrum Backprint Graphic Tee Edition 2 is crafted for individuals who appreciate architectural structure and superior drape. Woven from 100% long-staple combed cotton at 240 GSM, it offers the ideal heft without feeling suffocating. Features double-needle reinforced chain stitching at the shoulders, custom ribbed collar that retains its shape wash after wash, and pre-shrunk bio-wash finishing for supreme softness.","","","taxable","standard","1","25","0","0","0.35","30","25","3","1","","1199","1699","Graphic Streetwear","streetwear, 240gsm, boxy, axdoro, heavyweight","","https://images.unsplash.com/photo-1624378439575-d8705ad7ae80?auto=format&fit=crop&w=800&q=80, https://images.unsplash.com/photo-1509967419530-da38b4704bc6?auto=format&fit=crop&w=800&q=80, https://images.unsplash.com/photo-1618354691373-d851c5c3a990?auto=format&fit=crop&w=800&q=80","","","","","","","","","0","Size","XS, S, M, L, XL, XXL","1","1","Color","Urban Black, Off White, Sage Green","1","1","GSM","240 GSM","1","1"
"67","variable","AX-GR-067","Cyber Shinjuku High-Density Graphic Tee Edition 2","1","1","visible","Engineered from signature 240 GSM combed cotton with a structured drop-shoulder drape and durable non-curling collar.","The Cyber Shinjuku High-Density Graphic Tee Edition 2 is crafted for individuals who appreciate architectural structure and superior drape. Woven from 100% long-staple combed cotton at 240 GSM, it offers the ideal heft without feeling suffocating. Features double-needle reinforced chain stitching at the shoulders, custom ribbed collar that retains its shape wash after wash, and pre-shrunk bio-wash finishing for supreme softness.","","","taxable","standard","1","38","0","0","0.35","30","25","3","1","","1299","1799","Graphic Streetwear","streetwear, 240gsm, boxy, axdoro, heavyweight","","https://images.unsplash.com/photo-1562157873-818bc0726f68?auto=format&fit=crop&w=800&q=80, https://images.unsplash.com/photo-1618354691438-25bc04584c03?auto=format&fit=crop&w=800&q=80, https://images.unsplash.com/photo-1527719327859-c6ce80353573?auto=format&fit=crop&w=800&q=80","","","","","","","","","0","Size","XS, S, M, L, XL, XXL","1","1","Color","Washed Charcoal, Sage Green, Mocha Brown","1","1","GSM","240 GSM","1","1"
"68","variable","AX-GR-068","Ethereal Mind Typography Heavyweight Tee Edition 2","1","0","visible","Engineered from signature 240 GSM combed cotton with a structured drop-shoulder drape and durable non-curling collar.","The Ethereal Mind Typography Heavyweight Tee Edition 2 is crafted for individuals who appreciate architectural structure and superior drape. Woven from 100% long-staple combed cotton at 240 GSM, it offers the ideal heft without feeling suffocating. Features double-needle reinforced chain stitching at the shoulders, custom ribbed collar that retains its shape wash after wash, and pre-shrunk bio-wash finishing for supreme softness.","","","taxable","standard","1","51","0","0","0.35","30","25","3","1","","1399","1899","Graphic Streetwear","streetwear, 240gsm, boxy, axdoro, heavyweight","","https://images.unsplash.com/photo-1578632767115-351597cf2477?auto=format&fit=crop&w=800&q=80, https://images.unsplash.com/photo-1578632767114-114407b4695b?auto=format&fit=crop&w=800&q=80, https://images.unsplash.com/photo-1529139574466-a303027c1d8b?auto=format&fit=crop&w=800&q=80","","","","","","","","","0","Size","XS, S, M, L, XL, XXL","1","1","Color","Sand Dune, Mocha Brown, Navy Blue","1","1","GSM","240 GSM","1","1"
"69","variable","AX-GR-069","Vanguard Division Heavy Graphic Drop Edition 2","1","0","visible","Engineered from signature 240 GSM combed cotton with a structured drop-shoulder drape and durable non-curling collar.","The Vanguard Division Heavy Graphic Drop Edition 2 is crafted for individuals who appreciate architectural structure and superior drape. Woven from 100% long-staple combed cotton at 240 GSM, it offers the ideal heft without feeling suffocating. Features double-needle reinforced chain stitching at the shoulders, custom ribbed collar that retains its shape wash after wash, and pre-shrunk bio-wash finishing for supreme softness.","","","taxable","standard","1","19","0","0","0.35","30","25","3","1","","1499","1999","Graphic Streetwear","streetwear, 240gsm, boxy, axdoro, heavyweight","","https://images.unsplash.com/photo-1515886657613-9f3515b0c78f?auto=format&fit=crop&w=800&q=80, https://images.unsplash.com/photo-1544441893-675973e31985?auto=format&fit=crop&w=800&q=80, https://images.unsplash.com/photo-1489987707025-afc232f7ea0f?auto=format&fit=crop&w=800&q=80","","","","","","","","","0","Size","XS, S, M, L, XL, XXL","1","1","Color","Terracotta, Navy Blue, Slate Grey","1","1","GSM","240 GSM","1","1"
"70","variable","AX-GR-070","Hyperdrive Distortion Oversized Tee Edition 2","1","0","visible","Engineered from signature 240 GSM combed cotton with a structured drop-shoulder drape and durable non-curling collar.","The Hyperdrive Distortion Oversized Tee Edition 2 is crafted for individuals who appreciate architectural structure and superior drape. Woven from 100% long-staple combed cotton at 240 GSM, it offers the ideal heft without feeling suffocating. Features double-needle reinforced chain stitching at the shoulders, custom ribbed collar that retains its shape wash after wash, and pre-shrunk bio-wash finishing for supreme softness.","","","taxable","standard","1","32","0","0","0.35","30","25","3","1","","1599","2099","Graphic Streetwear","streetwear, 240gsm, boxy, axdoro, heavyweight","","https://images.unsplash.com/photo-1503342394128-c104d54dba01?auto=format&fit=crop&w=800&q=80, https://images.unsplash.com/photo-1558769132-cb1aea458c5e?auto=format&fit=crop&w=800&q=80, https://images.unsplash.com/photo-1508427953056-b00b8d78ebf5?auto=format&fit=crop&w=800&q=80","","","","","","","","","0","Size","XS, S, M, L, XL, XXL","1","1","Color","Muted Olive, Slate Grey, Off White","1","1","GSM","240 GSM","1","1"
"71","variable","AX-GR-071","Solar Flare Screenprint Boxy Tee Edition 2","1","0","visible","Engineered from signature 240 GSM combed cotton with a structured drop-shoulder drape and durable non-curling collar.","The Solar Flare Screenprint Boxy Tee Edition 2 is crafted for individuals who appreciate architectural structure and superior drape. Woven from 100% long-staple combed cotton at 240 GSM, it offers the ideal heft without feeling suffocating. Features double-needle reinforced chain stitching at the shoulders, custom ribbed collar that retains its shape wash after wash, and pre-shrunk bio-wash finishing for supreme softness.","","","taxable","standard","1","45","0","0","0.35","30","25","3","1","","1199","1699","Graphic Streetwear","streetwear, 240gsm, boxy, axdoro, heavyweight","","https://images.unsplash.com/photo-1576566588028-4147f3842f27?auto=format&fit=crop&w=800&q=80, https://images.unsplash.com/photo-1503342217505-b0a15ec3261c?auto=format&fit=crop&w=800&q=80, https://images.unsplash.com/photo-1521572267360-ee0c2909d518?auto=format&fit=crop&w=800&q=80","","","","","","","","","0","Size","XS, S, M, L, XL, XXL","1","1","Color","Urban Black, Off White, Sage Green","1","1","GSM","240 GSM","1","1"
"72","variable","AX-GR-072","Digital Horizon Graphic Street Tee Edition 2","1","1","visible","Engineered from signature 240 GSM combed cotton with a structured drop-shoulder drape and durable non-curling collar.","The Digital Horizon Graphic Street Tee Edition 2 is crafted for individuals who appreciate architectural structure and superior drape. Woven from 100% long-staple combed cotton at 240 GSM, it offers the ideal heft without feeling suffocating. Features double-needle reinforced chain stitching at the shoulders, custom ribbed collar that retains its shape wash after wash, and pre-shrunk bio-wash finishing for supreme softness.","","","taxable","standard","1","13","0","0","0.35","30","25","3","1","","1299","1799","Graphic Streetwear","streetwear, 240gsm, boxy, axdoro, heavyweight","","https://images.unsplash.com/photo-1583743814966-8936f5b7be1a?auto=format&fit=crop&w=800&q=80, https://images.unsplash.com/photo-1556905055-8f358a7a47b2?auto=format&fit=crop&w=800&q=80, https://images.unsplash.com/photo-1624378439575-d8705ad7ae80?auto=format&fit=crop&w=800&q=80","","","","","","","","","0","Size","XS, S, M, L, XL, XXL","1","1","Color","Washed Charcoal, Sage Green, Mocha Brown","1","1","GSM","240 GSM","1","1"
"73","variable","AX-GR-073","Obsidian Relic Heavyweight Graphic Tee Edition 2","1","0","visible","Engineered from signature 240 GSM combed cotton with a structured drop-shoulder drape and durable non-curling collar.","The Obsidian Relic Heavyweight Graphic Tee Edition 2 is crafted for individuals who appreciate architectural structure and superior drape. Woven from 100% long-staple combed cotton at 240 GSM, it offers the ideal heft without feeling suffocating. Features double-needle reinforced chain stitching at the shoulders, custom ribbed collar that retains its shape wash after wash, and pre-shrunk bio-wash finishing for supreme softness.","","","taxable","standard","1","26","0","0","0.35","30","25","3","1","","1399","1899","Graphic Streetwear","streetwear, 240gsm, boxy, axdoro, heavyweight","","https://images.unsplash.com/photo-1509967419530-da38b4704bc6?auto=format&fit=crop&w=800&q=80, https://images.unsplash.com/photo-1618354691373-d851c5c3a990?auto=format&fit=crop&w=800&q=80, https://images.unsplash.com/photo-1562157873-818bc0726f68?auto=format&fit=crop&w=800&q=80","","","","","","","","","0","Size","XS, S, M, L, XL, XXL","1","1","Color","Sand Dune, Mocha Brown, Navy Blue","1","1","GSM","240 GSM","1","1"
"74","variable","AX-GR-074","Sonic Pulse Oversized Streetwear Tee Edition 2","1","0","visible","Engineered from signature 240 GSM combed cotton with a structured drop-shoulder drape and durable non-curling collar.","The Sonic Pulse Oversized Streetwear Tee Edition 2 is crafted for individuals who appreciate architectural structure and superior drape. Woven from 100% long-staple combed cotton at 240 GSM, it offers the ideal heft without feeling suffocating. Features double-needle reinforced chain stitching at the shoulders, custom ribbed collar that retains its shape wash after wash, and pre-shrunk bio-wash finishing for supreme softness.","","","taxable","standard","1","39","0","0","0.35","30","25","3","1","","1499","1999","Graphic Streetwear","streetwear, 240gsm, boxy, axdoro, heavyweight","","https://images.unsplash.com/photo-1618354691438-25bc04584c03?auto=format&fit=crop&w=800&q=80, https://images.unsplash.com/photo-1527719327859-c6ce80353573?auto=format&fit=crop&w=800&q=80, https://images.unsplash.com/photo-1578632767115-351597cf2477?auto=format&fit=crop&w=800&q=80","","","","","","","","","0","Size","XS, S, M, L, XL, XXL","1","1","Color","Terracotta, Navy Blue, Slate Grey","1","1","GSM","240 GSM","1","1"
"75","variable","AX-GR-075","Phantom State Typography Tee Edition 2","1","0","visible","Engineered from signature 240 GSM combed cotton with a structured drop-shoulder drape and durable non-curling collar.","The Phantom State Typography Tee Edition 2 is crafted for individuals who appreciate architectural structure and superior drape. Woven from 100% long-staple combed cotton at 240 GSM, it offers the ideal heft without feeling suffocating. Features double-needle reinforced chain stitching at the shoulders, custom ribbed collar that retains its shape wash after wash, and pre-shrunk bio-wash finishing for supreme softness.","","","taxable","standard","1","52","0","0","0.35","30","25","3","1","","1599","2099","Graphic Streetwear","streetwear, 240gsm, boxy, axdoro, heavyweight","","https://images.unsplash.com/photo-1578632767114-114407b4695b?auto=format&fit=crop&w=800&q=80, https://images.unsplash.com/photo-1529139574466-a303027c1d8b?auto=format&fit=crop&w=800&q=80, https://images.unsplash.com/photo-1515886657613-9f3515b0c78f?auto=format&fit=crop&w=800&q=80","","","","","","","","","0","Size","XS, S, M, L, XL, XXL","1","1","Color","Muted Olive, Slate Grey, Off White","1","1","GSM","240 GSM","1","1"
"76","variable","AX-GR-076","Vortex Dimension Graphic Tee Edition 2","1","0","visible","Engineered from signature 240 GSM combed cotton with a structured drop-shoulder drape and durable non-curling collar.","The Vortex Dimension Graphic Tee Edition 2 is crafted for individuals who appreciate architectural structure and superior drape. Woven from 100% long-staple combed cotton at 240 GSM, it offers the ideal heft without feeling suffocating. Features double-needle reinforced chain stitching at the shoulders, custom ribbed collar that retains its shape wash after wash, and pre-shrunk bio-wash finishing for supreme softness.","","","taxable","standard","1","20","0","0","0.35","30","25","3","1","","1199","1699","Graphic Streetwear","streetwear, 240gsm, boxy, axdoro, heavyweight","","https://images.unsplash.com/photo-1544441893-675973e31985?auto=format&fit=crop&w=800&q=80, https://images.unsplash.com/photo-1489987707025-afc232f7ea0f?auto=format&fit=crop&w=800&q=80, https://images.unsplash.com/photo-1503342394128-c104d54dba01?auto=format&fit=crop&w=800&q=80","","","","","","","","","0","Size","XS, S, M, L, XL, XXL","1","1","Color","Urban Black, Off White, Sage Green","1","1","GSM","240 GSM","1","1"
"77","variable","AX-GR-077","Neural Matrix 240 GSM Streetwear Tee Edition 2","1","1","visible","Engineered from signature 240 GSM combed cotton with a structured drop-shoulder drape and durable non-curling collar.","The Neural Matrix 240 GSM Streetwear Tee Edition 2 is crafted for individuals who appreciate architectural structure and superior drape. Woven from 100% long-staple combed cotton at 240 GSM, it offers the ideal heft without feeling suffocating. Features double-needle reinforced chain stitching at the shoulders, custom ribbed collar that retains its shape wash after wash, and pre-shrunk bio-wash finishing for supreme softness.","","","taxable","standard","1","33","0","0","0.35","30","25","3","1","","1299","1799","Graphic Streetwear","streetwear, 240gsm, boxy, axdoro, heavyweight","","https://images.unsplash.com/photo-1558769132-cb1aea458c5e?auto=format&fit=crop&w=800&q=80, https://images.unsplash.com/photo-1508427953056-b00b8d78ebf5?auto=format&fit=crop&w=800&q=80, https://images.unsplash.com/photo-1576566588028-4147f3842f27?auto=format&fit=crop&w=800&q=80","","","","","","","","","0","Size","XS, S, M, L, XL, XXL","1","1","Color","Washed Charcoal, Sage Green, Mocha Brown","1","1","GSM","240 GSM","1","1"
"78","variable","AX-GR-078","Quantum Shift Screenprint Heavy Tee Edition 2","1","0","visible","Engineered from signature 240 GSM combed cotton with a structured drop-shoulder drape and durable non-curling collar.","The Quantum Shift Screenprint Heavy Tee Edition 2 is crafted for individuals who appreciate architectural structure and superior drape. Woven from 100% long-staple combed cotton at 240 GSM, it offers the ideal heft without feeling suffocating. Features double-needle reinforced chain stitching at the shoulders, custom ribbed collar that retains its shape wash after wash, and pre-shrunk bio-wash finishing for supreme softness.","","","taxable","standard","1","46","0","0","0.35","30","25","3","1","","1399","1899","Graphic Streetwear","streetwear, 240gsm, boxy, axdoro, heavyweight","","https://images.unsplash.com/photo-1503342217505-b0a15ec3261c?auto=format&fit=crop&w=800&q=80, https://images.unsplash.com/photo-1521572267360-ee0c2909d518?auto=format&fit=crop&w=800&q=80, https://images.unsplash.com/photo-1583743814966-8936f5b7be1a?auto=format&fit=crop&w=800&q=80","","","","","","","","","0","Size","XS, S, M, L, XL, XXL","1","1","Color","Sand Dune, Mocha Brown, Navy Blue","1","1","GSM","240 GSM","1","1"
"79","variable","AX-GR-079","Retro Futura High-Density Tee Edition 2","1","0","visible","Engineered from signature 240 GSM combed cotton with a structured drop-shoulder drape and durable non-curling collar.","The Retro Futura High-Density Tee Edition 2 is crafted for individuals who appreciate architectural structure and superior drape. Woven from 100% long-staple combed cotton at 240 GSM, it offers the ideal heft without feeling suffocating. Features double-needle reinforced chain stitching at the shoulders, custom ribbed collar that retains its shape wash after wash, and pre-shrunk bio-wash finishing for supreme softness.","","","taxable","standard","1","14","0","0","0.35","30","25","3","1","","1499","1999","Graphic Streetwear","streetwear, 240gsm, boxy, axdoro, heavyweight","","https://images.unsplash.com/photo-1556905055-8f358a7a47b2?auto=format&fit=crop&w=800&q=80, https://images.unsplash.com/photo-1624378439575-d8705ad7ae80?auto=format&fit=crop&w=800&q=80, https://images.unsplash.com/photo-1509967419530-da38b4704bc6?auto=format&fit=crop&w=800&q=80","","","","","","","","","0","Size","XS, S, M, L, XL, XXL","1","1","Color","Terracotta, Navy Blue, Slate Grey","1","1","GSM","240 GSM","1","1"
"80","variable","AX-GR-080","Midnight Odyssey Graphic Oversized Tee Edition 2","1","0","visible","Engineered from signature 240 GSM combed cotton with a structured drop-shoulder drape and durable non-curling collar.","The Midnight Odyssey Graphic Oversized Tee Edition 2 is crafted for individuals who appreciate architectural structure and superior drape. Woven from 100% long-staple combed cotton at 240 GSM, it offers the ideal heft without feeling suffocating. Features double-needle reinforced chain stitching at the shoulders, custom ribbed collar that retains its shape wash after wash, and pre-shrunk bio-wash finishing for supreme softness.","","","taxable","standard","1","27","0","0","0.35","30","25","3","1","","1599","2099","Graphic Streetwear","streetwear, 240gsm, boxy, axdoro, heavyweight","","https://images.unsplash.com/photo-1618354691373-d851c5c3a990?auto=format&fit=crop&w=800&q=80, https://images.unsplash.com/photo-1562157873-818bc0726f68?auto=format&fit=crop&w=800&q=80, https://images.unsplash.com/photo-1618354691438-25bc04584c03?auto=format&fit=crop&w=800&q=80","","","","","","","","","0","Size","XS, S, M, L, XL, XXL","1","1","Color","Muted Olive, Slate Grey, Off White","1","1","GSM","240 GSM","1","1"
"81","variable","AX-GR-081","Aetherial Spectrum Backprint Graphic Tee Edition 3","1","0","visible","Engineered from signature 240 GSM combed cotton with a structured drop-shoulder drape and durable non-curling collar.","The Aetherial Spectrum Backprint Graphic Tee Edition 3 is crafted for individuals who appreciate architectural structure and superior drape. Woven from 100% long-staple combed cotton at 240 GSM, it offers the ideal heft without feeling suffocating. Features double-needle reinforced chain stitching at the shoulders, custom ribbed collar that retains its shape wash after wash, and pre-shrunk bio-wash finishing for supreme softness.","","","taxable","standard","1","40","0","0","0.35","30","25","3","1","","1199","1699","Graphic Streetwear","streetwear, 240gsm, boxy, axdoro, heavyweight","","https://images.unsplash.com/photo-1527719327859-c6ce80353573?auto=format&fit=crop&w=800&q=80, https://images.unsplash.com/photo-1578632767115-351597cf2477?auto=format&fit=crop&w=800&q=80, https://images.unsplash.com/photo-1578632767114-114407b4695b?auto=format&fit=crop&w=800&q=80","","","","","","","","","0","Size","XS, S, M, L, XL, XXL","1","1","Color","Urban Black, Off White, Sage Green","1","1","GSM","240 GSM","1","1"
"82","variable","AX-GR-082","Cyber Shinjuku High-Density Graphic Tee Edition 3","1","1","visible","Engineered from signature 240 GSM combed cotton with a structured drop-shoulder drape and durable non-curling collar.","The Cyber Shinjuku High-Density Graphic Tee Edition 3 is crafted for individuals who appreciate architectural structure and superior drape. Woven from 100% long-staple combed cotton at 240 GSM, it offers the ideal heft without feeling suffocating. Features double-needle reinforced chain stitching at the shoulders, custom ribbed collar that retains its shape wash after wash, and pre-shrunk bio-wash finishing for supreme softness.","","","taxable","standard","1","53","0","0","0.35","30","25","3","1","","1299","1799","Graphic Streetwear","streetwear, 240gsm, boxy, axdoro, heavyweight","","https://images.unsplash.com/photo-1529139574466-a303027c1d8b?auto=format&fit=crop&w=800&q=80, https://images.unsplash.com/photo-1515886657613-9f3515b0c78f?auto=format&fit=crop&w=800&q=80, https://images.unsplash.com/photo-1544441893-675973e31985?auto=format&fit=crop&w=800&q=80","","","","","","","","","0","Size","XS, S, M, L, XL, XXL","1","1","Color","Washed Charcoal, Sage Green, Mocha Brown","1","1","GSM","240 GSM","1","1"
"83","variable","AX-GR-083","Ethereal Mind Typography Heavyweight Tee Edition 3","1","0","visible","Engineered from signature 240 GSM combed cotton with a structured drop-shoulder drape and durable non-curling collar.","The Ethereal Mind Typography Heavyweight Tee Edition 3 is crafted for individuals who appreciate architectural structure and superior drape. Woven from 100% long-staple combed cotton at 240 GSM, it offers the ideal heft without feeling suffocating. Features double-needle reinforced chain stitching at the shoulders, custom ribbed collar that retains its shape wash after wash, and pre-shrunk bio-wash finishing for supreme softness.","","","taxable","standard","1","21","0","0","0.35","30","25","3","1","","1399","1899","Graphic Streetwear","streetwear, 240gsm, boxy, axdoro, heavyweight","","https://images.unsplash.com/photo-1489987707025-afc232f7ea0f?auto=format&fit=crop&w=800&q=80, https://images.unsplash.com/photo-1503342394128-c104d54dba01?auto=format&fit=crop&w=800&q=80, https://images.unsplash.com/photo-1558769132-cb1aea458c5e?auto=format&fit=crop&w=800&q=80","","","","","","","","","0","Size","XS, S, M, L, XL, XXL","1","1","Color","Sand Dune, Mocha Brown, Navy Blue","1","1","GSM","240 GSM","1","1"
"84","variable","AX-GR-084","Vanguard Division Heavy Graphic Drop Edition 3","1","0","visible","Engineered from signature 240 GSM combed cotton with a structured drop-shoulder drape and durable non-curling collar.","The Vanguard Division Heavy Graphic Drop Edition 3 is crafted for individuals who appreciate architectural structure and superior drape. Woven from 100% long-staple combed cotton at 240 GSM, it offers the ideal heft without feeling suffocating. Features double-needle reinforced chain stitching at the shoulders, custom ribbed collar that retains its shape wash after wash, and pre-shrunk bio-wash finishing for supreme softness.","","","taxable","standard","1","34","0","0","0.35","30","25","3","1","","1499","1999","Graphic Streetwear","streetwear, 240gsm, boxy, axdoro, heavyweight","","https://images.unsplash.com/photo-1508427953056-b00b8d78ebf5?auto=format&fit=crop&w=800&q=80, https://images.unsplash.com/photo-1576566588028-4147f3842f27?auto=format&fit=crop&w=800&q=80, https://images.unsplash.com/photo-1503342217505-b0a15ec3261c?auto=format&fit=crop&w=800&q=80","","","","","","","","","0","Size","XS, S, M, L, XL, XXL","1","1","Color","Terracotta, Navy Blue, Slate Grey","1","1","GSM","240 GSM","1","1"
"85","variable","AX-GR-085","Hyperdrive Distortion Oversized Tee Edition 3","1","0","visible","Engineered from signature 240 GSM combed cotton with a structured drop-shoulder drape and durable non-curling collar.","The Hyperdrive Distortion Oversized Tee Edition 3 is crafted for individuals who appreciate architectural structure and superior drape. Woven from 100% long-staple combed cotton at 240 GSM, it offers the ideal heft without feeling suffocating. Features double-needle reinforced chain stitching at the shoulders, custom ribbed collar that retains its shape wash after wash, and pre-shrunk bio-wash finishing for supreme softness.","","","taxable","standard","1","47","0","0","0.35","30","25","3","1","","1599","2099","Graphic Streetwear","streetwear, 240gsm, boxy, axdoro, heavyweight","","https://images.unsplash.com/photo-1521572267360-ee0c2909d518?auto=format&fit=crop&w=800&q=80, https://images.unsplash.com/photo-1583743814966-8936f5b7be1a?auto=format&fit=crop&w=800&q=80, https://images.unsplash.com/photo-1556905055-8f358a7a47b2?auto=format&fit=crop&w=800&q=80","","","","","","","","","0","Size","XS, S, M, L, XL, XXL","1","1","Color","Muted Olive, Slate Grey, Off White","1","1","GSM","240 GSM","1","1"
"86","variable","AX-GR-086","Solar Flare Screenprint Boxy Tee Edition 3","1","0","visible","Engineered from signature 240 GSM combed cotton with a structured drop-shoulder drape and durable non-curling collar.","The Solar Flare Screenprint Boxy Tee Edition 3 is crafted for individuals who appreciate architectural structure and superior drape. Woven from 100% long-staple combed cotton at 240 GSM, it offers the ideal heft without feeling suffocating. Features double-needle reinforced chain stitching at the shoulders, custom ribbed collar that retains its shape wash after wash, and pre-shrunk bio-wash finishing for supreme softness.","","","taxable","standard","1","15","0","0","0.35","30","25","3","1","","1199","1699","Graphic Streetwear","streetwear, 240gsm, boxy, axdoro, heavyweight","","https://images.unsplash.com/photo-1624378439575-d8705ad7ae80?auto=format&fit=crop&w=800&q=80, https://images.unsplash.com/photo-1509967419530-da38b4704bc6?auto=format&fit=crop&w=800&q=80, https://images.unsplash.com/photo-1618354691373-d851c5c3a990?auto=format&fit=crop&w=800&q=80","","","","","","","","","0","Size","XS, S, M, L, XL, XXL","1","1","Color","Urban Black, Off White, Sage Green","1","1","GSM","240 GSM","1","1"
"87","variable","AX-GR-087","Digital Horizon Graphic Street Tee Edition 3","1","1","visible","Engineered from signature 240 GSM combed cotton with a structured drop-shoulder drape and durable non-curling collar.","The Digital Horizon Graphic Street Tee Edition 3 is crafted for individuals who appreciate architectural structure and superior drape. Woven from 100% long-staple combed cotton at 240 GSM, it offers the ideal heft without feeling suffocating. Features double-needle reinforced chain stitching at the shoulders, custom ribbed collar that retains its shape wash after wash, and pre-shrunk bio-wash finishing for supreme softness.","","","taxable","standard","1","28","0","0","0.35","30","25","3","1","","1299","1799","Graphic Streetwear","streetwear, 240gsm, boxy, axdoro, heavyweight","","https://images.unsplash.com/photo-1562157873-818bc0726f68?auto=format&fit=crop&w=800&q=80, https://images.unsplash.com/photo-1618354691438-25bc04584c03?auto=format&fit=crop&w=800&q=80, https://images.unsplash.com/photo-1527719327859-c6ce80353573?auto=format&fit=crop&w=800&q=80","","","","","","","","","0","Size","XS, S, M, L, XL, XXL","1","1","Color","Washed Charcoal, Sage Green, Mocha Brown","1","1","GSM","240 GSM","1","1"
"88","variable","AX-GR-088","Obsidian Relic Heavyweight Graphic Tee Edition 3","1","0","visible","Engineered from signature 240 GSM combed cotton with a structured drop-shoulder drape and durable non-curling collar.","The Obsidian Relic Heavyweight Graphic Tee Edition 3 is crafted for individuals who appreciate architectural structure and superior drape. Woven from 100% long-staple combed cotton at 240 GSM, it offers the ideal heft without feeling suffocating. Features double-needle reinforced chain stitching at the shoulders, custom ribbed collar that retains its shape wash after wash, and pre-shrunk bio-wash finishing for supreme softness.","","","taxable","standard","1","41","0","0","0.35","30","25","3","1","","1399","1899","Graphic Streetwear","streetwear, 240gsm, boxy, axdoro, heavyweight","","https://images.unsplash.com/photo-1578632767115-351597cf2477?auto=format&fit=crop&w=800&q=80, https://images.unsplash.com/photo-1578632767114-114407b4695b?auto=format&fit=crop&w=800&q=80, https://images.unsplash.com/photo-1529139574466-a303027c1d8b?auto=format&fit=crop&w=800&q=80","","","","","","","","","0","Size","XS, S, M, L, XL, XXL","1","1","Color","Sand Dune, Mocha Brown, Navy Blue","1","1","GSM","240 GSM","1","1"
"89","variable","AX-GR-089","Sonic Pulse Oversized Streetwear Tee Edition 3","1","0","visible","Engineered from signature 240 GSM combed cotton with a structured drop-shoulder drape and durable non-curling collar.","The Sonic Pulse Oversized Streetwear Tee Edition 3 is crafted for individuals who appreciate architectural structure and superior drape. Woven from 100% long-staple combed cotton at 240 GSM, it offers the ideal heft without feeling suffocating. Features double-needle reinforced chain stitching at the shoulders, custom ribbed collar that retains its shape wash after wash, and pre-shrunk bio-wash finishing for supreme softness.","","","taxable","standard","1","54","0","0","0.35","30","25","3","1","","1499","1999","Graphic Streetwear","streetwear, 240gsm, boxy, axdoro, heavyweight","","https://images.unsplash.com/photo-1515886657613-9f3515b0c78f?auto=format&fit=crop&w=800&q=80, https://images.unsplash.com/photo-1544441893-675973e31985?auto=format&fit=crop&w=800&q=80, https://images.unsplash.com/photo-1489987707025-afc232f7ea0f?auto=format&fit=crop&w=800&q=80","","","","","","","","","0","Size","XS, S, M, L, XL, XXL","1","1","Color","Terracotta, Navy Blue, Slate Grey","1","1","GSM","240 GSM","1","1"
"90","variable","AX-GR-090","Phantom State Typography Tee Edition 3","1","0","visible","Engineered from signature 240 GSM combed cotton with a structured drop-shoulder drape and durable non-curling collar.","The Phantom State Typography Tee Edition 3 is crafted for individuals who appreciate architectural structure and superior drape. Woven from 100% long-staple combed cotton at 240 GSM, it offers the ideal heft without feeling suffocating. Features double-needle reinforced chain stitching at the shoulders, custom ribbed collar that retains its shape wash after wash, and pre-shrunk bio-wash finishing for supreme softness.","","","taxable","standard","1","22","0","0","0.35","30","25","3","1","","1599","2099","Graphic Streetwear","streetwear, 240gsm, boxy, axdoro, heavyweight","","https://images.unsplash.com/photo-1503342394128-c104d54dba01?auto=format&fit=crop&w=800&q=80, https://images.unsplash.com/photo-1558769132-cb1aea458c5e?auto=format&fit=crop&w=800&q=80, https://images.unsplash.com/photo-1508427953056-b00b8d78ebf5?auto=format&fit=crop&w=800&q=80","","","","","","","","","0","Size","XS, S, M, L, XL, XXL","1","1","Color","Muted Olive, Slate Grey, Off White","1","1","GSM","240 GSM","1","1"
"91","variable","AX-GR-091","Vortex Dimension Graphic Tee Edition 3","1","0","visible","Engineered from signature 240 GSM combed cotton with a structured drop-shoulder drape and durable non-curling collar.","The Vortex Dimension Graphic Tee Edition 3 is crafted for individuals who appreciate architectural structure and superior drape. Woven from 100% long-staple combed cotton at 240 GSM, it offers the ideal heft without feeling suffocating. Features double-needle reinforced chain stitching at the shoulders, custom ribbed collar that retains its shape wash after wash, and pre-shrunk bio-wash finishing for supreme softness.","","","taxable","standard","1","35","0","0","0.35","30","25","3","1","","1199","1699","Graphic Streetwear","streetwear, 240gsm, boxy, axdoro, heavyweight","","https://images.unsplash.com/photo-1576566588028-4147f3842f27?auto=format&fit=crop&w=800&q=80, https://images.unsplash.com/photo-1503342217505-b0a15ec3261c?auto=format&fit=crop&w=800&q=80, https://images.unsplash.com/photo-1521572267360-ee0c2909d518?auto=format&fit=crop&w=800&q=80","","","","","","","","","0","Size","XS, S, M, L, XL, XXL","1","1","Color","Urban Black, Off White, Sage Green","1","1","GSM","240 GSM","1","1"
"92","variable","AX-GR-092","Neural Matrix 240 GSM Streetwear Tee Edition 3","1","1","visible","Engineered from signature 240 GSM combed cotton with a structured drop-shoulder drape and durable non-curling collar.","The Neural Matrix 240 GSM Streetwear Tee Edition 3 is crafted for individuals who appreciate architectural structure and superior drape. Woven from 100% long-staple combed cotton at 240 GSM, it offers the ideal heft without feeling suffocating. Features double-needle reinforced chain stitching at the shoulders, custom ribbed collar that retains its shape wash after wash, and pre-shrunk bio-wash finishing for supreme softness.","","","taxable","standard","1","48","0","0","0.35","30","25","3","1","","1299","1799","Graphic Streetwear","streetwear, 240gsm, boxy, axdoro, heavyweight","","https://images.unsplash.com/photo-1583743814966-8936f5b7be1a?auto=format&fit=crop&w=800&q=80, https://images.unsplash.com/photo-1556905055-8f358a7a47b2?auto=format&fit=crop&w=800&q=80, https://images.unsplash.com/photo-1624378439575-d8705ad7ae80?auto=format&fit=crop&w=800&q=80","","","","","","","","","0","Size","XS, S, M, L, XL, XXL","1","1","Color","Washed Charcoal, Sage Green, Mocha Brown","1","1","GSM","240 GSM","1","1"
"93","variable","AX-GR-093","Quantum Shift Screenprint Heavy Tee Edition 3","1","0","visible","Engineered from signature 240 GSM combed cotton with a structured drop-shoulder drape and durable non-curling collar.","The Quantum Shift Screenprint Heavy Tee Edition 3 is crafted for individuals who appreciate architectural structure and superior drape. Woven from 100% long-staple combed cotton at 240 GSM, it offers the ideal heft without feeling suffocating. Features double-needle reinforced chain stitching at the shoulders, custom ribbed collar that retains its shape wash after wash, and pre-shrunk bio-wash finishing for supreme softness.","","","taxable","standard","1","16","0","0","0.35","30","25","3","1","","1399","1899","Graphic Streetwear","streetwear, 240gsm, boxy, axdoro, heavyweight","","https://images.unsplash.com/photo-1509967419530-da38b4704bc6?auto=format&fit=crop&w=800&q=80, https://images.unsplash.com/photo-1618354691373-d851c5c3a990?auto=format&fit=crop&w=800&q=80, https://images.unsplash.com/photo-1562157873-818bc0726f68?auto=format&fit=crop&w=800&q=80","","","","","","","","","0","Size","XS, S, M, L, XL, XXL","1","1","Color","Sand Dune, Mocha Brown, Navy Blue","1","1","GSM","240 GSM","1","1"
"94","variable","AX-GR-094","Retro Futura High-Density Tee Edition 3","1","0","visible","Engineered from signature 240 GSM combed cotton with a structured drop-shoulder drape and durable non-curling collar.","The Retro Futura High-Density Tee Edition 3 is crafted for individuals who appreciate architectural structure and superior drape. Woven from 100% long-staple combed cotton at 240 GSM, it offers the ideal heft without feeling suffocating. Features double-needle reinforced chain stitching at the shoulders, custom ribbed collar that retains its shape wash after wash, and pre-shrunk bio-wash finishing for supreme softness.","","","taxable","standard","1","29","0","0","0.35","30","25","3","1","","1499","1999","Graphic Streetwear","streetwear, 240gsm, boxy, axdoro, heavyweight","","https://images.unsplash.com/photo-1618354691438-25bc04584c03?auto=format&fit=crop&w=800&q=80, https://images.unsplash.com/photo-1527719327859-c6ce80353573?auto=format&fit=crop&w=800&q=80, https://images.unsplash.com/photo-1578632767115-351597cf2477?auto=format&fit=crop&w=800&q=80","","","","","","","","","0","Size","XS, S, M, L, XL, XXL","1","1","Color","Terracotta, Navy Blue, Slate Grey","1","1","GSM","240 GSM","1","1"
"95","variable","AX-GR-095","Midnight Odyssey Graphic Oversized Tee Edition 3","1","0","visible","Engineered from signature 240 GSM combed cotton with a structured drop-shoulder drape and durable non-curling collar.","The Midnight Odyssey Graphic Oversized Tee Edition 3 is crafted for individuals who appreciate architectural structure and superior drape. Woven from 100% long-staple combed cotton at 240 GSM, it offers the ideal heft without feeling suffocating. Features double-needle reinforced chain stitching at the shoulders, custom ribbed collar that retains its shape wash after wash, and pre-shrunk bio-wash finishing for supreme softness.","","","taxable","standard","1","42","0","0","0.35","30","25","3","1","","1599","2099","Graphic Streetwear","streetwear, 240gsm, boxy, axdoro, heavyweight","","https://images.unsplash.com/photo-1578632767114-114407b4695b?auto=format&fit=crop&w=800&q=80, https://images.unsplash.com/photo-1529139574466-a303027c1d8b?auto=format&fit=crop&w=800&q=80, https://images.unsplash.com/photo-1515886657613-9f3515b0c78f?auto=format&fit=crop&w=800&q=80","","","","","","","","","0","Size","XS, S, M, L, XL, XXL","1","1","Color","Muted Olive, Slate Grey, Off White","1","1","GSM","240 GSM","1","1"
"96","variable","AX-AW-096","Acid Washed Charcoal Heavy Oversized Tee","1","0","visible","Engineered from signature 240 GSM combed cotton with a structured drop-shoulder drape and durable non-curling collar.","The Acid Washed Charcoal Heavy Oversized Tee is crafted for individuals who appreciate architectural structure and superior drape. Woven from 100% long-staple combed cotton at 240 GSM, it offers the ideal heft without feeling suffocating. Features double-needle reinforced chain stitching at the shoulders, custom ribbed collar that retains its shape wash after wash, and pre-shrunk bio-wash finishing for supreme softness.","","","taxable","standard","1","10","0","0","0.35","30","25","3","1","","1299","1799","Acid Wash & Vintage","streetwear, 240gsm, oversized, axdoro, heavyweight","","https://images.unsplash.com/photo-1576566588028-4147f3842f27?auto=format&fit=crop&w=800&q=80, https://images.unsplash.com/photo-1503342217505-b0a15ec3261c?auto=format&fit=crop&w=800&q=80, https://images.unsplash.com/photo-1521572267360-ee0c2909d518?auto=format&fit=crop&w=800&q=80","","","","","","","","","0","Size","XS, S, M, L, XL, XXL","1","1","Color","Urban Black, Off White, Sage Green","1","1","GSM","240 GSM","1","1"
"97","variable","AX-AW-097","Vintage Sun-Faded Olive Boxy Drop Tee","1","1","visible","Engineered from signature 240 GSM combed cotton with a structured drop-shoulder drape and durable non-curling collar.","The Vintage Sun-Faded Olive Boxy Drop Tee is crafted for individuals who appreciate architectural structure and superior drape. Woven from 100% long-staple combed cotton at 240 GSM, it offers the ideal heft without feeling suffocating. Features double-needle reinforced chain stitching at the shoulders, custom ribbed collar that retains its shape wash after wash, and pre-shrunk bio-wash finishing for supreme softness.","","","taxable","standard","1","23","0","0","0.35","30","25","3","1","","1399","1899","Acid Wash & Vintage","streetwear, 240gsm, oversized, axdoro, heavyweight","","https://images.unsplash.com/photo-1583743814966-8936f5b7be1a?auto=format&fit=crop&w=800&q=80, https://images.unsplash.com/photo-1556905055-8f358a7a47b2?auto=format&fit=crop&w=800&q=80, https://images.unsplash.com/photo-1624378439575-d8705ad7ae80?auto=format&fit=crop&w=800&q=80","","","","","","","","","0","Size","XS, S, M, L, XL, XXL","1","1","Color","Washed Charcoal, Sage Green, Mocha Brown","1","1","GSM","240 GSM","1","1"
"98","variable","AX-AW-098","Mineral Washed Dune Heavy Cotton Tee","1","0","visible","Engineered from signature 240 GSM combed cotton with a structured drop-shoulder drape and durable non-curling collar.","The Mineral Washed Dune Heavy Cotton Tee is crafted for individuals who appreciate architectural structure and superior drape. Woven from 100% long-staple combed cotton at 240 GSM, it offers the ideal heft without feeling suffocating. Features double-needle reinforced chain stitching at the shoulders, custom ribbed collar that retains its shape wash after wash, and pre-shrunk bio-wash finishing for supreme softness.","","","taxable","standard","1","36","0","0","0.35","30","25","3","1","","1499","1999","Acid Wash & Vintage","streetwear, 240gsm, oversized, axdoro, heavyweight","","https://images.unsplash.com/photo-1509967419530-da38b4704bc6?auto=format&fit=crop&w=800&q=80, https://images.unsplash.com/photo-1618354691373-d851c5c3a990?auto=format&fit=crop&w=800&q=80, https://images.unsplash.com/photo-1562157873-818bc0726f68?auto=format&fit=crop&w=800&q=80","","","","","","","","","0","Size","XS, S, M, L, XL, XXL","1","1","Color","Sand Dune, Mocha Brown, Navy Blue","1","1","GSM","240 GSM","1","1"
"99","variable","AX-AW-099","Distressed Slate Artisanal Wash Tee","1","0","visible","Engineered from signature 240 GSM combed cotton with a structured drop-shoulder drape and durable non-curling collar.","The Distressed Slate Artisanal Wash Tee is crafted for individuals who appreciate architectural structure and superior drape. Woven from 100% long-staple combed cotton at 240 GSM, it offers the ideal heft without feeling suffocating. Features double-needle reinforced chain stitching at the shoulders, custom ribbed collar that retains its shape wash after wash, and pre-shrunk bio-wash finishing for supreme softness.","","","taxable","standard","1","49","0","0","0.35","30","25","3","1","","1599","2099","Acid Wash & Vintage","streetwear, 240gsm, oversized, axdoro, heavyweight","","https://images.unsplash.com/photo-1618354691438-25bc04584c03?auto=format&fit=crop&w=800&q=80, https://images.unsplash.com/photo-1527719327859-c6ce80353573?auto=format&fit=crop&w=800&q=80, https://images.unsplash.com/photo-1578632767115-351597cf2477?auto=format&fit=crop&w=800&q=80","","","","","","","","","0","Size","XS, S, M, L, XL, XXL","1","1","Color","Terracotta, Navy Blue, Slate Grey","1","1","GSM","240 GSM","1","1"
"100","variable","AX-AW-100","Stone Washed Rust Heavyweight Drop Tee","1","0","visible","Engineered from signature 240 GSM combed cotton with a structured drop-shoulder drape and durable non-curling collar.","The Stone Washed Rust Heavyweight Drop Tee is crafted for individuals who appreciate architectural structure and superior drape. Woven from 100% long-staple combed cotton at 240 GSM, it offers the ideal heft without feeling suffocating. Features double-needle reinforced chain stitching at the shoulders, custom ribbed collar that retains its shape wash after wash, and pre-shrunk bio-wash finishing for supreme softness.","","","taxable","standard","1","17","0","0","0.35","30","25","3","1","","1699","2199","Acid Wash & Vintage","streetwear, 240gsm, oversized, axdoro, heavyweight","","https://images.unsplash.com/photo-1578632767114-114407b4695b?auto=format&fit=crop&w=800&q=80, https://images.unsplash.com/photo-1529139574466-a303027c1d8b?auto=format&fit=crop&w=800&q=80, https://images.unsplash.com/photo-1515886657613-9f3515b0c78f?auto=format&fit=crop&w=800&q=80","","","","","","","","","0","Size","XS, S, M, L, XL, XXL","1","1","Color","Muted Olive, Slate Grey, Off White","1","1","GSM","240 GSM","1","1"
"101","variable","AX-AW-101","Pigment Dyed Espresso Boxy Tee","1","0","visible","Engineered from signature 240 GSM combed cotton with a structured drop-shoulder drape and durable non-curling collar.","The Pigment Dyed Espresso Boxy Tee is crafted for individuals who appreciate architectural structure and superior drape. Woven from 100% long-staple combed cotton at 240 GSM, it offers the ideal heft without feeling suffocating. Features double-needle reinforced chain stitching at the shoulders, custom ribbed collar that retains its shape wash after wash, and pre-shrunk bio-wash finishing for supreme softness.","","","taxable","standard","1","30","0","0","0.35","30","25","3","1","","1299","1799","Acid Wash & Vintage","streetwear, 240gsm, oversized, axdoro, heavyweight","","https://images.unsplash.com/photo-1544441893-675973e31985?auto=format&fit=crop&w=800&q=80, https://images.unsplash.com/photo-1489987707025-afc232f7ea0f?auto=format&fit=crop&w=800&q=80, https://images.unsplash.com/photo-1503342394128-c104d54dba01?auto=format&fit=crop&w=800&q=80","","","","","","","","","0","Size","XS, S, M, L, XL, XXL","1","1","Color","Urban Black, Off White, Sage Green","1","1","GSM","240 GSM","1","1"
"102","variable","AX-AW-102","Salt Washed Indigo Heavyweight Tee","1","1","visible","Engineered from signature 240 GSM combed cotton with a structured drop-shoulder drape and durable non-curling collar.","The Salt Washed Indigo Heavyweight Tee is crafted for individuals who appreciate architectural structure and superior drape. Woven from 100% long-staple combed cotton at 240 GSM, it offers the ideal heft without feeling suffocating. Features double-needle reinforced chain stitching at the shoulders, custom ribbed collar that retains its shape wash after wash, and pre-shrunk bio-wash finishing for supreme softness.","","","taxable","standard","1","43","0","0","0.35","30","25","3","1","","1399","1899","Acid Wash & Vintage","streetwear, 240gsm, oversized, axdoro, heavyweight","","https://images.unsplash.com/photo-1558769132-cb1aea458c5e?auto=format&fit=crop&w=800&q=80, https://images.unsplash.com/photo-1508427953056-b00b8d78ebf5?auto=format&fit=crop&w=800&q=80, https://images.unsplash.com/photo-1576566588028-4147f3842f27?auto=format&fit=crop&w=800&q=80","","","","","","","","","0","Size","XS, S, M, L, XL, XXL","1","1","Color","Washed Charcoal, Sage Green, Mocha Brown","1","1","GSM","240 GSM","1","1"
"103","variable","AX-AW-103","Desert Ash Mineral Washed Oversized Tee","1","0","visible","Engineered from signature 240 GSM combed cotton with a structured drop-shoulder drape and durable non-curling collar.","The Desert Ash Mineral Washed Oversized Tee is crafted for individuals who appreciate architectural structure and superior drape. Woven from 100% long-staple combed cotton at 240 GSM, it offers the ideal heft without feeling suffocating. Features double-needle reinforced chain stitching at the shoulders, custom ribbed collar that retains its shape wash after wash, and pre-shrunk bio-wash finishing for supreme softness.","","","taxable","standard","1","11","0","0","0.35","30","25","3","1","","1499","1999","Acid Wash & Vintage","streetwear, 240gsm, oversized, axdoro, heavyweight","","https://images.unsplash.com/photo-1503342217505-b0a15ec3261c?auto=format&fit=crop&w=800&q=80, https://images.unsplash.com/photo-1521572267360-ee0c2909d518?auto=format&fit=crop&w=800&q=80, https://images.unsplash.com/photo-1583743814966-8936f5b7be1a?auto=format&fit=crop&w=800&q=80","","","","","","","","","0","Size","XS, S, M, L, XL, XXL","1","1","Color","Sand Dune, Mocha Brown, Navy Blue","1","1","GSM","240 GSM","1","1"
"104","variable","AX-AW-104","Aged Graphite Distressed Streetwear Tee","1","0","visible","Engineered from signature 240 GSM combed cotton with a structured drop-shoulder drape and durable non-curling collar.","The Aged Graphite Distressed Streetwear Tee is crafted for individuals who appreciate architectural structure and superior drape. Woven from 100% long-staple combed cotton at 240 GSM, it offers the ideal heft without feeling suffocating. Features double-needle reinforced chain stitching at the shoulders, custom ribbed collar that retains its shape wash after wash, and pre-shrunk bio-wash finishing for supreme softness.","","","taxable","standard","1","24","0","0","0.35","30","25","3","1","","1599","2099","Acid Wash & Vintage","streetwear, 240gsm, oversized, axdoro, heavyweight","","https://images.unsplash.com/photo-1556905055-8f358a7a47b2?auto=format&fit=crop&w=800&q=80, https://images.unsplash.com/photo-1624378439575-d8705ad7ae80?auto=format&fit=crop&w=800&q=80, https://images.unsplash.com/photo-1509967419530-da38b4704bc6?auto=format&fit=crop&w=800&q=80","","","","","","","","","0","Size","XS, S, M, L, XL, XXL","1","1","Color","Terracotta, Navy Blue, Slate Grey","1","1","GSM","240 GSM","1","1"
"105","variable","AX-AW-105","Terra Cotta Vintage Washed Heavy Tee","1","0","visible","Engineered from signature 240 GSM combed cotton with a structured drop-shoulder drape and durable non-curling collar.","The Terra Cotta Vintage Washed Heavy Tee is crafted for individuals who appreciate architectural structure and superior drape. Woven from 100% long-staple combed cotton at 240 GSM, it offers the ideal heft without feeling suffocating. Features double-needle reinforced chain stitching at the shoulders, custom ribbed collar that retains its shape wash after wash, and pre-shrunk bio-wash finishing for supreme softness.","","","taxable","standard","1","37","0","0","0.35","30","25","3","1","","1699","2199","Acid Wash & Vintage","streetwear, 240gsm, oversized, axdoro, heavyweight","","https://images.unsplash.com/photo-1618354691373-d851c5c3a990?auto=format&fit=crop&w=800&q=80, https://images.unsplash.com/photo-1562157873-818bc0726f68?auto=format&fit=crop&w=800&q=80, https://images.unsplash.com/photo-1618354691438-25bc04584c03?auto=format&fit=crop&w=800&q=80","","","","","","","","","0","Size","XS, S, M, L, XL, XXL","1","1","Color","Muted Olive, Slate Grey, Off White","1","1","GSM","240 GSM","1","1"
"106","variable","AX-AW-106","Acid Washed Charcoal Heavy Oversized Tee Edition 2","1","0","visible","Engineered from signature 240 GSM combed cotton with a structured drop-shoulder drape and durable non-curling collar.","The Acid Washed Charcoal Heavy Oversized Tee Edition 2 is crafted for individuals who appreciate architectural structure and superior drape. Woven from 100% long-staple combed cotton at 240 GSM, it offers the ideal heft without feeling suffocating. Features double-needle reinforced chain stitching at the shoulders, custom ribbed collar that retains its shape wash after wash, and pre-shrunk bio-wash finishing for supreme softness.","","","taxable","standard","1","50","0","0","0.35","30","25","3","1","","1299","1799","Acid Wash & Vintage","streetwear, 240gsm, oversized, axdoro, heavyweight","","https://images.unsplash.com/photo-1527719327859-c6ce80353573?auto=format&fit=crop&w=800&q=80, https://images.unsplash.com/photo-1578632767115-351597cf2477?auto=format&fit=crop&w=800&q=80, https://images.unsplash.com/photo-1578632767114-114407b4695b?auto=format&fit=crop&w=800&q=80","","","","","","","","","0","Size","XS, S, M, L, XL, XXL","1","1","Color","Urban Black, Off White, Sage Green","1","1","GSM","240 GSM","1","1"
"107","variable","AX-AW-107","Vintage Sun-Faded Olive Boxy Drop Tee Edition 2","1","1","visible","Engineered from signature 240 GSM combed cotton with a structured drop-shoulder drape and durable non-curling collar.","The Vintage Sun-Faded Olive Boxy Drop Tee Edition 2 is crafted for individuals who appreciate architectural structure and superior drape. Woven from 100% long-staple combed cotton at 240 GSM, it offers the ideal heft without feeling suffocating. Features double-needle reinforced chain stitching at the shoulders, custom ribbed collar that retains its shape wash after wash, and pre-shrunk bio-wash finishing for supreme softness.","","","taxable","standard","1","18","0","0","0.35","30","25","3","1","","1399","1899","Acid Wash & Vintage","streetwear, 240gsm, oversized, axdoro, heavyweight","","https://images.unsplash.com/photo-1529139574466-a303027c1d8b?auto=format&fit=crop&w=800&q=80, https://images.unsplash.com/photo-1515886657613-9f3515b0c78f?auto=format&fit=crop&w=800&q=80, https://images.unsplash.com/photo-1544441893-675973e31985?auto=format&fit=crop&w=800&q=80","","","","","","","","","0","Size","XS, S, M, L, XL, XXL","1","1","Color","Washed Charcoal, Sage Green, Mocha Brown","1","1","GSM","240 GSM","1","1"
"108","variable","AX-AW-108","Mineral Washed Dune Heavy Cotton Tee Edition 2","1","0","visible","Engineered from signature 240 GSM combed cotton with a structured drop-shoulder drape and durable non-curling collar.","The Mineral Washed Dune Heavy Cotton Tee Edition 2 is crafted for individuals who appreciate architectural structure and superior drape. Woven from 100% long-staple combed cotton at 240 GSM, it offers the ideal heft without feeling suffocating. Features double-needle reinforced chain stitching at the shoulders, custom ribbed collar that retains its shape wash after wash, and pre-shrunk bio-wash finishing for supreme softness.","","","taxable","standard","1","31","0","0","0.35","30","25","3","1","","1499","1999","Acid Wash & Vintage","streetwear, 240gsm, oversized, axdoro, heavyweight","","https://images.unsplash.com/photo-1489987707025-afc232f7ea0f?auto=format&fit=crop&w=800&q=80, https://images.unsplash.com/photo-1503342394128-c104d54dba01?auto=format&fit=crop&w=800&q=80, https://images.unsplash.com/photo-1558769132-cb1aea458c5e?auto=format&fit=crop&w=800&q=80","","","","","","","","","0","Size","XS, S, M, L, XL, XXL","1","1","Color","Sand Dune, Mocha Brown, Navy Blue","1","1","GSM","240 GSM","1","1"
"109","variable","AX-AW-109","Distressed Slate Artisanal Wash Tee Edition 2","1","0","visible","Engineered from signature 240 GSM combed cotton with a structured drop-shoulder drape and durable non-curling collar.","The Distressed Slate Artisanal Wash Tee Edition 2 is crafted for individuals who appreciate architectural structure and superior drape. Woven from 100% long-staple combed cotton at 240 GSM, it offers the ideal heft without feeling suffocating. Features double-needle reinforced chain stitching at the shoulders, custom ribbed collar that retains its shape wash after wash, and pre-shrunk bio-wash finishing for supreme softness.","","","taxable","standard","1","44","0","0","0.35","30","25","3","1","","1599","2099","Acid Wash & Vintage","streetwear, 240gsm, oversized, axdoro, heavyweight","","https://images.unsplash.com/photo-1508427953056-b00b8d78ebf5?auto=format&fit=crop&w=800&q=80, https://images.unsplash.com/photo-1576566588028-4147f3842f27?auto=format&fit=crop&w=800&q=80, https://images.unsplash.com/photo-1503342217505-b0a15ec3261c?auto=format&fit=crop&w=800&q=80","","","","","","","","","0","Size","XS, S, M, L, XL, XXL","1","1","Color","Terracotta, Navy Blue, Slate Grey","1","1","GSM","240 GSM","1","1"
"110","variable","AX-AW-110","Stone Washed Rust Heavyweight Drop Tee Edition 2","1","0","visible","Engineered from signature 240 GSM combed cotton with a structured drop-shoulder drape and durable non-curling collar.","The Stone Washed Rust Heavyweight Drop Tee Edition 2 is crafted for individuals who appreciate architectural structure and superior drape. Woven from 100% long-staple combed cotton at 240 GSM, it offers the ideal heft without feeling suffocating. Features double-needle reinforced chain stitching at the shoulders, custom ribbed collar that retains its shape wash after wash, and pre-shrunk bio-wash finishing for supreme softness.","","","taxable","standard","1","12","0","0","0.35","30","25","3","1","","1699","2199","Acid Wash & Vintage","streetwear, 240gsm, oversized, axdoro, heavyweight","","https://images.unsplash.com/photo-1521572267360-ee0c2909d518?auto=format&fit=crop&w=800&q=80, https://images.unsplash.com/photo-1583743814966-8936f5b7be1a?auto=format&fit=crop&w=800&q=80, https://images.unsplash.com/photo-1556905055-8f358a7a47b2?auto=format&fit=crop&w=800&q=80","","","","","","","","","0","Size","XS, S, M, L, XL, XXL","1","1","Color","Muted Olive, Slate Grey, Off White","1","1","GSM","240 GSM","1","1"
"111","variable","AX-AW-111","Pigment Dyed Espresso Boxy Tee Edition 2","1","0","visible","Engineered from signature 240 GSM combed cotton with a structured drop-shoulder drape and durable non-curling collar.","The Pigment Dyed Espresso Boxy Tee Edition 2 is crafted for individuals who appreciate architectural structure and superior drape. Woven from 100% long-staple combed cotton at 240 GSM, it offers the ideal heft without feeling suffocating. Features double-needle reinforced chain stitching at the shoulders, custom ribbed collar that retains its shape wash after wash, and pre-shrunk bio-wash finishing for supreme softness.","","","taxable","standard","1","25","0","0","0.35","30","25","3","1","","1299","1799","Acid Wash & Vintage","streetwear, 240gsm, oversized, axdoro, heavyweight","","https://images.unsplash.com/photo-1624378439575-d8705ad7ae80?auto=format&fit=crop&w=800&q=80, https://images.unsplash.com/photo-1509967419530-da38b4704bc6?auto=format&fit=crop&w=800&q=80, https://images.unsplash.com/photo-1618354691373-d851c5c3a990?auto=format&fit=crop&w=800&q=80","","","","","","","","","0","Size","XS, S, M, L, XL, XXL","1","1","Color","Urban Black, Off White, Sage Green","1","1","GSM","240 GSM","1","1"
"112","variable","AX-AW-112","Salt Washed Indigo Heavyweight Tee Edition 2","1","1","visible","Engineered from signature 240 GSM combed cotton with a structured drop-shoulder drape and durable non-curling collar.","The Salt Washed Indigo Heavyweight Tee Edition 2 is crafted for individuals who appreciate architectural structure and superior drape. Woven from 100% long-staple combed cotton at 240 GSM, it offers the ideal heft without feeling suffocating. Features double-needle reinforced chain stitching at the shoulders, custom ribbed collar that retains its shape wash after wash, and pre-shrunk bio-wash finishing for supreme softness.","","","taxable","standard","1","38","0","0","0.35","30","25","3","1","","1399","1899","Acid Wash & Vintage","streetwear, 240gsm, oversized, axdoro, heavyweight","","https://images.unsplash.com/photo-1562157873-818bc0726f68?auto=format&fit=crop&w=800&q=80, https://images.unsplash.com/photo-1618354691438-25bc04584c03?auto=format&fit=crop&w=800&q=80, https://images.unsplash.com/photo-1527719327859-c6ce80353573?auto=format&fit=crop&w=800&q=80","","","","","","","","","0","Size","XS, S, M, L, XL, XXL","1","1","Color","Washed Charcoal, Sage Green, Mocha Brown","1","1","GSM","240 GSM","1","1"
"113","variable","AX-AW-113","Desert Ash Mineral Washed Oversized Tee Edition 2","1","0","visible","Engineered from signature 240 GSM combed cotton with a structured drop-shoulder drape and durable non-curling collar.","The Desert Ash Mineral Washed Oversized Tee Edition 2 is crafted for individuals who appreciate architectural structure and superior drape. Woven from 100% long-staple combed cotton at 240 GSM, it offers the ideal heft without feeling suffocating. Features double-needle reinforced chain stitching at the shoulders, custom ribbed collar that retains its shape wash after wash, and pre-shrunk bio-wash finishing for supreme softness.","","","taxable","standard","1","51","0","0","0.35","30","25","3","1","","1499","1999","Acid Wash & Vintage","streetwear, 240gsm, oversized, axdoro, heavyweight","","https://images.unsplash.com/photo-1578632767115-351597cf2477?auto=format&fit=crop&w=800&q=80, https://images.unsplash.com/photo-1578632767114-114407b4695b?auto=format&fit=crop&w=800&q=80, https://images.unsplash.com/photo-1529139574466-a303027c1d8b?auto=format&fit=crop&w=800&q=80","","","","","","","","","0","Size","XS, S, M, L, XL, XXL","1","1","Color","Sand Dune, Mocha Brown, Navy Blue","1","1","GSM","240 GSM","1","1"
"114","variable","AX-AW-114","Aged Graphite Distressed Streetwear Tee Edition 2","1","0","visible","Engineered from signature 240 GSM combed cotton with a structured drop-shoulder drape and durable non-curling collar.","The Aged Graphite Distressed Streetwear Tee Edition 2 is crafted for individuals who appreciate architectural structure and superior drape. Woven from 100% long-staple combed cotton at 240 GSM, it offers the ideal heft without feeling suffocating. Features double-needle reinforced chain stitching at the shoulders, custom ribbed collar that retains its shape wash after wash, and pre-shrunk bio-wash finishing for supreme softness.","","","taxable","standard","1","19","0","0","0.35","30","25","3","1","","1599","2099","Acid Wash & Vintage","streetwear, 240gsm, oversized, axdoro, heavyweight","","https://images.unsplash.com/photo-1515886657613-9f3515b0c78f?auto=format&fit=crop&w=800&q=80, https://images.unsplash.com/photo-1544441893-675973e31985?auto=format&fit=crop&w=800&q=80, https://images.unsplash.com/photo-1489987707025-afc232f7ea0f?auto=format&fit=crop&w=800&q=80","","","","","","","","","0","Size","XS, S, M, L, XL, XXL","1","1","Color","Terracotta, Navy Blue, Slate Grey","1","1","GSM","240 GSM","1","1"
"115","variable","AX-AW-115","Terra Cotta Vintage Washed Heavy Tee Edition 2","1","0","visible","Engineered from signature 240 GSM combed cotton with a structured drop-shoulder drape and durable non-curling collar.","The Terra Cotta Vintage Washed Heavy Tee Edition 2 is crafted for individuals who appreciate architectural structure and superior drape. Woven from 100% long-staple combed cotton at 240 GSM, it offers the ideal heft without feeling suffocating. Features double-needle reinforced chain stitching at the shoulders, custom ribbed collar that retains its shape wash after wash, and pre-shrunk bio-wash finishing for supreme softness.","","","taxable","standard","1","32","0","0","0.35","30","25","3","1","","1699","2199","Acid Wash & Vintage","streetwear, 240gsm, oversized, axdoro, heavyweight","","https://images.unsplash.com/photo-1503342394128-c104d54dba01?auto=format&fit=crop&w=800&q=80, https://images.unsplash.com/photo-1558769132-cb1aea458c5e?auto=format&fit=crop&w=800&q=80, https://images.unsplash.com/photo-1508427953056-b00b8d78ebf5?auto=format&fit=crop&w=800&q=80","","","","","","","","","0","Size","XS, S, M, L, XL, XXL","1","1","Color","Muted Olive, Slate Grey, Off White","1","1","GSM","240 GSM","1","1"
"116","variable","AX-AW-116","Acid Washed Charcoal Heavy Oversized Tee Edition 3","1","0","visible","Engineered from signature 240 GSM combed cotton with a structured drop-shoulder drape and durable non-curling collar.","The Acid Washed Charcoal Heavy Oversized Tee Edition 3 is crafted for individuals who appreciate architectural structure and superior drape. Woven from 100% long-staple combed cotton at 240 GSM, it offers the ideal heft without feeling suffocating. Features double-needle reinforced chain stitching at the shoulders, custom ribbed collar that retains its shape wash after wash, and pre-shrunk bio-wash finishing for supreme softness.","","","taxable","standard","1","45","0","0","0.35","30","25","3","1","","1299","1799","Acid Wash & Vintage","streetwear, 240gsm, oversized, axdoro, heavyweight","","https://images.unsplash.com/photo-1576566588028-4147f3842f27?auto=format&fit=crop&w=800&q=80, https://images.unsplash.com/photo-1503342217505-b0a15ec3261c?auto=format&fit=crop&w=800&q=80, https://images.unsplash.com/photo-1521572267360-ee0c2909d518?auto=format&fit=crop&w=800&q=80","","","","","","","","","0","Size","XS, S, M, L, XL, XXL","1","1","Color","Urban Black, Off White, Sage Green","1","1","GSM","240 GSM","1","1"
"117","variable","AX-AW-117","Vintage Sun-Faded Olive Boxy Drop Tee Edition 3","1","1","visible","Engineered from signature 240 GSM combed cotton with a structured drop-shoulder drape and durable non-curling collar.","The Vintage Sun-Faded Olive Boxy Drop Tee Edition 3 is crafted for individuals who appreciate architectural structure and superior drape. Woven from 100% long-staple combed cotton at 240 GSM, it offers the ideal heft without feeling suffocating. Features double-needle reinforced chain stitching at the shoulders, custom ribbed collar that retains its shape wash after wash, and pre-shrunk bio-wash finishing for supreme softness.","","","taxable","standard","1","13","0","0","0.35","30","25","3","1","","1399","1899","Acid Wash & Vintage","streetwear, 240gsm, oversized, axdoro, heavyweight","","https://images.unsplash.com/photo-1583743814966-8936f5b7be1a?auto=format&fit=crop&w=800&q=80, https://images.unsplash.com/photo-1556905055-8f358a7a47b2?auto=format&fit=crop&w=800&q=80, https://images.unsplash.com/photo-1624378439575-d8705ad7ae80?auto=format&fit=crop&w=800&q=80","","","","","","","","","0","Size","XS, S, M, L, XL, XXL","1","1","Color","Washed Charcoal, Sage Green, Mocha Brown","1","1","GSM","240 GSM","1","1"
"118","variable","AX-AW-118","Mineral Washed Dune Heavy Cotton Tee Edition 3","1","0","visible","Engineered from signature 240 GSM combed cotton with a structured drop-shoulder drape and durable non-curling collar.","The Mineral Washed Dune Heavy Cotton Tee Edition 3 is crafted for individuals who appreciate architectural structure and superior drape. Woven from 100% long-staple combed cotton at 240 GSM, it offers the ideal heft without feeling suffocating. Features double-needle reinforced chain stitching at the shoulders, custom ribbed collar that retains its shape wash after wash, and pre-shrunk bio-wash finishing for supreme softness.","","","taxable","standard","1","26","0","0","0.35","30","25","3","1","","1499","1999","Acid Wash & Vintage","streetwear, 240gsm, oversized, axdoro, heavyweight","","https://images.unsplash.com/photo-1509967419530-da38b4704bc6?auto=format&fit=crop&w=800&q=80, https://images.unsplash.com/photo-1618354691373-d851c5c3a990?auto=format&fit=crop&w=800&q=80, https://images.unsplash.com/photo-1562157873-818bc0726f68?auto=format&fit=crop&w=800&q=80","","","","","","","","","0","Size","XS, S, M, L, XL, XXL","1","1","Color","Sand Dune, Mocha Brown, Navy Blue","1","1","GSM","240 GSM","1","1"
"119","variable","AX-AW-119","Distressed Slate Artisanal Wash Tee Edition 3","1","0","visible","Engineered from signature 240 GSM combed cotton with a structured drop-shoulder drape and durable non-curling collar.","The Distressed Slate Artisanal Wash Tee Edition 3 is crafted for individuals who appreciate architectural structure and superior drape. Woven from 100% long-staple combed cotton at 240 GSM, it offers the ideal heft without feeling suffocating. Features double-needle reinforced chain stitching at the shoulders, custom ribbed collar that retains its shape wash after wash, and pre-shrunk bio-wash finishing for supreme softness.","","","taxable","standard","1","39","0","0","0.35","30","25","3","1","","1599","2099","Acid Wash & Vintage","streetwear, 240gsm, oversized, axdoro, heavyweight","","https://images.unsplash.com/photo-1618354691438-25bc04584c03?auto=format&fit=crop&w=800&q=80, https://images.unsplash.com/photo-1527719327859-c6ce80353573?auto=format&fit=crop&w=800&q=80, https://images.unsplash.com/photo-1578632767115-351597cf2477?auto=format&fit=crop&w=800&q=80","","","","","","","","","0","Size","XS, S, M, L, XL, XXL","1","1","Color","Terracotta, Navy Blue, Slate Grey","1","1","GSM","240 GSM","1","1"
"120","variable","AX-AW-120","Stone Washed Rust Heavyweight Drop Tee Edition 3","1","0","visible","Engineered from signature 240 GSM combed cotton with a structured drop-shoulder drape and durable non-curling collar.","The Stone Washed Rust Heavyweight Drop Tee Edition 3 is crafted for individuals who appreciate architectural structure and superior drape. Woven from 100% long-staple combed cotton at 240 GSM, it offers the ideal heft without feeling suffocating. Features double-needle reinforced chain stitching at the shoulders, custom ribbed collar that retains its shape wash after wash, and pre-shrunk bio-wash finishing for supreme softness.","","","taxable","standard","1","52","0","0","0.35","30","25","3","1","","1699","2199","Acid Wash & Vintage","streetwear, 240gsm, oversized, axdoro, heavyweight","","https://images.unsplash.com/photo-1578632767114-114407b4695b?auto=format&fit=crop&w=800&q=80, https://images.unsplash.com/photo-1529139574466-a303027c1d8b?auto=format&fit=crop&w=800&q=80, https://images.unsplash.com/photo-1515886657613-9f3515b0c78f?auto=format&fit=crop&w=800&q=80","","","","","","","","","0","Size","XS, S, M, L, XL, XXL","1","1","Color","Muted Olive, Slate Grey, Off White","1","1","GSM","240 GSM","1","1"
"121","variable","AX-AW-121","Pigment Dyed Espresso Boxy Tee Edition 3","1","0","visible","Engineered from signature 240 GSM combed cotton with a structured drop-shoulder drape and durable non-curling collar.","The Pigment Dyed Espresso Boxy Tee Edition 3 is crafted for individuals who appreciate architectural structure and superior drape. Woven from 100% long-staple combed cotton at 240 GSM, it offers the ideal heft without feeling suffocating. Features double-needle reinforced chain stitching at the shoulders, custom ribbed collar that retains its shape wash after wash, and pre-shrunk bio-wash finishing for supreme softness.","","","taxable","standard","1","20","0","0","0.35","30","25","3","1","","1299","1799","Acid Wash & Vintage","streetwear, 240gsm, oversized, axdoro, heavyweight","","https://images.unsplash.com/photo-1544441893-675973e31985?auto=format&fit=crop&w=800&q=80, https://images.unsplash.com/photo-1489987707025-afc232f7ea0f?auto=format&fit=crop&w=800&q=80, https://images.unsplash.com/photo-1503342394128-c104d54dba01?auto=format&fit=crop&w=800&q=80","","","","","","","","","0","Size","XS, S, M, L, XL, XXL","1","1","Color","Urban Black, Off White, Sage Green","1","1","GSM","240 GSM","1","1"
"122","variable","AX-AW-122","Salt Washed Indigo Heavyweight Tee Edition 3","1","1","visible","Engineered from signature 240 GSM combed cotton with a structured drop-shoulder drape and durable non-curling collar.","The Salt Washed Indigo Heavyweight Tee Edition 3 is crafted for individuals who appreciate architectural structure and superior drape. Woven from 100% long-staple combed cotton at 240 GSM, it offers the ideal heft without feeling suffocating. Features double-needle reinforced chain stitching at the shoulders, custom ribbed collar that retains its shape wash after wash, and pre-shrunk bio-wash finishing for supreme softness.","","","taxable","standard","1","33","0","0","0.35","30","25","3","1","","1399","1899","Acid Wash & Vintage","streetwear, 240gsm, oversized, axdoro, heavyweight","","https://images.unsplash.com/photo-1558769132-cb1aea458c5e?auto=format&fit=crop&w=800&q=80, https://images.unsplash.com/photo-1508427953056-b00b8d78ebf5?auto=format&fit=crop&w=800&q=80, https://images.unsplash.com/photo-1576566588028-4147f3842f27?auto=format&fit=crop&w=800&q=80","","","","","","","","","0","Size","XS, S, M, L, XL, XXL","1","1","Color","Washed Charcoal, Sage Green, Mocha Brown","1","1","GSM","240 GSM","1","1"
"123","variable","AX-AW-123","Desert Ash Mineral Washed Oversized Tee Edition 3","1","0","visible","Engineered from signature 240 GSM combed cotton with a structured drop-shoulder drape and durable non-curling collar.","The Desert Ash Mineral Washed Oversized Tee Edition 3 is crafted for individuals who appreciate architectural structure and superior drape. Woven from 100% long-staple combed cotton at 240 GSM, it offers the ideal heft without feeling suffocating. Features double-needle reinforced chain stitching at the shoulders, custom ribbed collar that retains its shape wash after wash, and pre-shrunk bio-wash finishing for supreme softness.","","","taxable","standard","1","46","0","0","0.35","30","25","3","1","","1499","1999","Acid Wash & Vintage","streetwear, 240gsm, oversized, axdoro, heavyweight","","https://images.unsplash.com/photo-1503342217505-b0a15ec3261c?auto=format&fit=crop&w=800&q=80, https://images.unsplash.com/photo-1521572267360-ee0c2909d518?auto=format&fit=crop&w=800&q=80, https://images.unsplash.com/photo-1583743814966-8936f5b7be1a?auto=format&fit=crop&w=800&q=80","","","","","","","","","0","Size","XS, S, M, L, XL, XXL","1","1","Color","Sand Dune, Mocha Brown, Navy Blue","1","1","GSM","240 GSM","1","1"
"124","variable","AX-AW-124","Aged Graphite Distressed Streetwear Tee Edition 3","1","0","visible","Engineered from signature 240 GSM combed cotton with a structured drop-shoulder drape and durable non-curling collar.","The Aged Graphite Distressed Streetwear Tee Edition 3 is crafted for individuals who appreciate architectural structure and superior drape. Woven from 100% long-staple combed cotton at 240 GSM, it offers the ideal heft without feeling suffocating. Features double-needle reinforced chain stitching at the shoulders, custom ribbed collar that retains its shape wash after wash, and pre-shrunk bio-wash finishing for supreme softness.","","","taxable","standard","1","14","0","0","0.35","30","25","3","1","","1599","2099","Acid Wash & Vintage","streetwear, 240gsm, oversized, axdoro, heavyweight","","https://images.unsplash.com/photo-1556905055-8f358a7a47b2?auto=format&fit=crop&w=800&q=80, https://images.unsplash.com/photo-1624378439575-d8705ad7ae80?auto=format&fit=crop&w=800&q=80, https://images.unsplash.com/photo-1509967419530-da38b4704bc6?auto=format&fit=crop&w=800&q=80","","","","","","","","","0","Size","XS, S, M, L, XL, XXL","1","1","Color","Terracotta, Navy Blue, Slate Grey","1","1","GSM","240 GSM","1","1"
"125","variable","AX-AW-125","Terra Cotta Vintage Washed Heavy Tee Edition 3","1","0","visible","Engineered from signature 240 GSM combed cotton with a structured drop-shoulder drape and durable non-curling collar.","The Terra Cotta Vintage Washed Heavy Tee Edition 3 is crafted for individuals who appreciate architectural structure and superior drape. Woven from 100% long-staple combed cotton at 240 GSM, it offers the ideal heft without feeling suffocating. Features double-needle reinforced chain stitching at the shoulders, custom ribbed collar that retains its shape wash after wash, and pre-shrunk bio-wash finishing for supreme softness.","","","taxable","standard","1","27","0","0","0.35","30","25","3","1","","1699","2199","Acid Wash & Vintage","streetwear, 240gsm, oversized, axdoro, heavyweight","","https://images.unsplash.com/photo-1618354691373-d851c5c3a990?auto=format&fit=crop&w=800&q=80, https://images.unsplash.com/photo-1562157873-818bc0726f68?auto=format&fit=crop&w=800&q=80, https://images.unsplash.com/photo-1618354691438-25bc04584c03?auto=format&fit=crop&w=800&q=80","","","","","","","","","0","Size","XS, S, M, L, XL, XXL","1","1","Color","Muted Olive, Slate Grey, Off White","1","1","GSM","240 GSM","1","1"
"126","variable","AX-AW-126","Acid Washed Charcoal Heavy Oversized Tee Edition 4","1","0","visible","Engineered from signature 240 GSM combed cotton with a structured drop-shoulder drape and durable non-curling collar.","The Acid Washed Charcoal Heavy Oversized Tee Edition 4 is crafted for individuals who appreciate architectural structure and superior drape. Woven from 100% long-staple combed cotton at 240 GSM, it offers the ideal heft without feeling suffocating. Features double-needle reinforced chain stitching at the shoulders, custom ribbed collar that retains its shape wash after wash, and pre-shrunk bio-wash finishing for supreme softness.","","","taxable","standard","1","40","0","0","0.35","30","25","3","1","","1299","1799","Acid Wash & Vintage","streetwear, 240gsm, oversized, axdoro, heavyweight","","https://images.unsplash.com/photo-1527719327859-c6ce80353573?auto=format&fit=crop&w=800&q=80, https://images.unsplash.com/photo-1578632767115-351597cf2477?auto=format&fit=crop&w=800&q=80, https://images.unsplash.com/photo-1578632767114-114407b4695b?auto=format&fit=crop&w=800&q=80","","","","","","","","","0","Size","XS, S, M, L, XL, XXL","1","1","Color","Urban Black, Off White, Sage Green","1","1","GSM","240 GSM","1","1"
"127","variable","AX-AW-127","Vintage Sun-Faded Olive Boxy Drop Tee Edition 4","1","1","visible","Engineered from signature 240 GSM combed cotton with a structured drop-shoulder drape and durable non-curling collar.","The Vintage Sun-Faded Olive Boxy Drop Tee Edition 4 is crafted for individuals who appreciate architectural structure and superior drape. Woven from 100% long-staple combed cotton at 240 GSM, it offers the ideal heft without feeling suffocating. Features double-needle reinforced chain stitching at the shoulders, custom ribbed collar that retains its shape wash after wash, and pre-shrunk bio-wash finishing for supreme softness.","","","taxable","standard","1","53","0","0","0.35","30","25","3","1","","1399","1899","Acid Wash & Vintage","streetwear, 240gsm, oversized, axdoro, heavyweight","","https://images.unsplash.com/photo-1529139574466-a303027c1d8b?auto=format&fit=crop&w=800&q=80, https://images.unsplash.com/photo-1515886657613-9f3515b0c78f?auto=format&fit=crop&w=800&q=80, https://images.unsplash.com/photo-1544441893-675973e31985?auto=format&fit=crop&w=800&q=80","","","","","","","","","0","Size","XS, S, M, L, XL, XXL","1","1","Color","Washed Charcoal, Sage Green, Mocha Brown","1","1","GSM","240 GSM","1","1"
"128","variable","AX-AW-128","Mineral Washed Dune Heavy Cotton Tee Edition 4","1","0","visible","Engineered from signature 240 GSM combed cotton with a structured drop-shoulder drape and durable non-curling collar.","The Mineral Washed Dune Heavy Cotton Tee Edition 4 is crafted for individuals who appreciate architectural structure and superior drape. Woven from 100% long-staple combed cotton at 240 GSM, it offers the ideal heft without feeling suffocating. Features double-needle reinforced chain stitching at the shoulders, custom ribbed collar that retains its shape wash after wash, and pre-shrunk bio-wash finishing for supreme softness.","","","taxable","standard","1","21","0","0","0.35","30","25","3","1","","1499","1999","Acid Wash & Vintage","streetwear, 240gsm, oversized, axdoro, heavyweight","","https://images.unsplash.com/photo-1489987707025-afc232f7ea0f?auto=format&fit=crop&w=800&q=80, https://images.unsplash.com/photo-1503342394128-c104d54dba01?auto=format&fit=crop&w=800&q=80, https://images.unsplash.com/photo-1558769132-cb1aea458c5e?auto=format&fit=crop&w=800&q=80","","","","","","","","","0","Size","XS, S, M, L, XL, XXL","1","1","Color","Sand Dune, Mocha Brown, Navy Blue","1","1","GSM","240 GSM","1","1"
"129","variable","AX-AW-129","Distressed Slate Artisanal Wash Tee Edition 4","1","0","visible","Engineered from signature 240 GSM combed cotton with a structured drop-shoulder drape and durable non-curling collar.","The Distressed Slate Artisanal Wash Tee Edition 4 is crafted for individuals who appreciate architectural structure and superior drape. Woven from 100% long-staple combed cotton at 240 GSM, it offers the ideal heft without feeling suffocating. Features double-needle reinforced chain stitching at the shoulders, custom ribbed collar that retains its shape wash after wash, and pre-shrunk bio-wash finishing for supreme softness.","","","taxable","standard","1","34","0","0","0.35","30","25","3","1","","1599","2099","Acid Wash & Vintage","streetwear, 240gsm, oversized, axdoro, heavyweight","","https://images.unsplash.com/photo-1508427953056-b00b8d78ebf5?auto=format&fit=crop&w=800&q=80, https://images.unsplash.com/photo-1576566588028-4147f3842f27?auto=format&fit=crop&w=800&q=80, https://images.unsplash.com/photo-1503342217505-b0a15ec3261c?auto=format&fit=crop&w=800&q=80","","","","","","","","","0","Size","XS, S, M, L, XL, XXL","1","1","Color","Terracotta, Navy Blue, Slate Grey","1","1","GSM","240 GSM","1","1"
"130","variable","AX-AW-130","Stone Washed Rust Heavyweight Drop Tee Edition 4","1","0","visible","Engineered from signature 240 GSM combed cotton with a structured drop-shoulder drape and durable non-curling collar.","The Stone Washed Rust Heavyweight Drop Tee Edition 4 is crafted for individuals who appreciate architectural structure and superior drape. Woven from 100% long-staple combed cotton at 240 GSM, it offers the ideal heft without feeling suffocating. Features double-needle reinforced chain stitching at the shoulders, custom ribbed collar that retains its shape wash after wash, and pre-shrunk bio-wash finishing for supreme softness.","","","taxable","standard","1","47","0","0","0.35","30","25","3","1","","1699","2199","Acid Wash & Vintage","streetwear, 240gsm, oversized, axdoro, heavyweight","","https://images.unsplash.com/photo-1521572267360-ee0c2909d518?auto=format&fit=crop&w=800&q=80, https://images.unsplash.com/photo-1583743814966-8936f5b7be1a?auto=format&fit=crop&w=800&q=80, https://images.unsplash.com/photo-1556905055-8f358a7a47b2?auto=format&fit=crop&w=800&q=80","","","","","","","","","0","Size","XS, S, M, L, XL, XXL","1","1","Color","Muted Olive, Slate Grey, Off White","1","1","GSM","240 GSM","1","1"
"131","variable","AX-MB-131","Essential Minimalist 240 GSM Tee","1","0","visible","Engineered from signature 240 GSM combed cotton with a structured drop-shoulder drape and durable non-curling collar.","The Essential Minimalist 240 GSM Tee is crafted for individuals who appreciate architectural structure and superior drape. Woven from 100% long-staple combed cotton at 240 GSM, it offers the ideal heft without feeling suffocating. Features double-needle reinforced chain stitching at the shoulders, custom ribbed collar that retains its shape wash after wash, and pre-shrunk bio-wash finishing for supreme softness.","","","taxable","standard","1","10","0","0","0.35","30","25","3","1","","899","1399","Minimal Basics (240 GSM)","streetwear, 240gsm, relaxed, axdoro, heavyweight","","https://images.unsplash.com/photo-1576566588028-4147f3842f27?auto=format&fit=crop&w=800&q=80, https://images.unsplash.com/photo-1503342217505-b0a15ec3261c?auto=format&fit=crop&w=800&q=80, https://images.unsplash.com/photo-1521572267360-ee0c2909d518?auto=format&fit=crop&w=800&q=80","","","","","","","","","0","Size","XS, S, M, L, XL, XXL","1","1","Color","Urban Black, Off White, Sage Green","1","1","GSM","240 GSM","1","1"
"132","variable","AX-MB-132","Architectural Pure Cut Heavy Tee","1","1","visible","Engineered from signature 240 GSM combed cotton with a structured drop-shoulder drape and durable non-curling collar.","The Architectural Pure Cut Heavy Tee is crafted for individuals who appreciate architectural structure and superior drape. Woven from 100% long-staple combed cotton at 240 GSM, it offers the ideal heft without feeling suffocating. Features double-needle reinforced chain stitching at the shoulders, custom ribbed collar that retains its shape wash after wash, and pre-shrunk bio-wash finishing for supreme softness.","","","taxable","standard","1","23","0","0","0.35","30","25","3","1","","999","1499","Minimal Basics (240 GSM)","streetwear, 240gsm, relaxed, axdoro, heavyweight","","https://images.unsplash.com/photo-1583743814966-8936f5b7be1a?auto=format&fit=crop&w=800&q=80, https://images.unsplash.com/photo-1556905055-8f358a7a47b2?auto=format&fit=crop&w=800&q=80, https://images.unsplash.com/photo-1624378439575-d8705ad7ae80?auto=format&fit=crop&w=800&q=80","","","","","","","","","0","Size","XS, S, M, L, XL, XXL","1","1","Color","Washed Charcoal, Sage Green, Mocha Brown","1","1","GSM","240 GSM","1","1"
"133","variable","AX-MB-133","Blank Canvas Drop Shoulder Tee","1","0","visible","Engineered from signature 240 GSM combed cotton with a structured drop-shoulder drape and durable non-curling collar.","The Blank Canvas Drop Shoulder Tee is crafted for individuals who appreciate architectural structure and superior drape. Woven from 100% long-staple combed cotton at 240 GSM, it offers the ideal heft without feeling suffocating. Features double-needle reinforced chain stitching at the shoulders, custom ribbed collar that retains its shape wash after wash, and pre-shrunk bio-wash finishing for supreme softness.","","","taxable","standard","1","36","0","0","0.35","30","25","3","1","","1099","1599","Minimal Basics (240 GSM)","streetwear, 240gsm, relaxed, axdoro, heavyweight","","https://images.unsplash.com/photo-1509967419530-da38b4704bc6?auto=format&fit=crop&w=800&q=80, https://images.unsplash.com/photo-1618354691373-d851c5c3a990?auto=format&fit=crop&w=800&q=80, https://images.unsplash.com/photo-1562157873-818bc0726f68?auto=format&fit=crop&w=800&q=80","","","","","","","","","0","Size","XS, S, M, L, XL, XXL","1","1","Color","Sand Dune, Mocha Brown, Navy Blue","1","1","GSM","240 GSM","1","1"
"134","variable","AX-MB-134","Clean Geometry Heavyweight Cotton Tee","1","0","visible","Engineered from signature 240 GSM combed cotton with a structured drop-shoulder drape and durable non-curling collar.","The Clean Geometry Heavyweight Cotton Tee is crafted for individuals who appreciate architectural structure and superior drape. Woven from 100% long-staple combed cotton at 240 GSM, it offers the ideal heft without feeling suffocating. Features double-needle reinforced chain stitching at the shoulders, custom ribbed collar that retains its shape wash after wash, and pre-shrunk bio-wash finishing for supreme softness.","","","taxable","standard","1","49","0","0","0.35","30","25","3","1","","1199","1699","Minimal Basics (240 GSM)","streetwear, 240gsm, relaxed, axdoro, heavyweight","","https://images.unsplash.com/photo-1618354691438-25bc04584c03?auto=format&fit=crop&w=800&q=80, https://images.unsplash.com/photo-1527719327859-c6ce80353573?auto=format&fit=crop&w=800&q=80, https://images.unsplash.com/photo-1578632767115-351597cf2477?auto=format&fit=crop&w=800&q=80","","","","","","","","","0","Size","XS, S, M, L, XL, XXL","1","1","Color","Terracotta, Navy Blue, Slate Grey","1","1","GSM","240 GSM","1","1"
"135","variable","AX-MB-135","Subtle Luxury Bio-Washed Plain Tee","1","0","visible","Engineered from signature 240 GSM combed cotton with a structured drop-shoulder drape and durable non-curling collar.","The Subtle Luxury Bio-Washed Plain Tee is crafted for individuals who appreciate architectural structure and superior drape. Woven from 100% long-staple combed cotton at 240 GSM, it offers the ideal heft without feeling suffocating. Features double-needle reinforced chain stitching at the shoulders, custom ribbed collar that retains its shape wash after wash, and pre-shrunk bio-wash finishing for supreme softness.","","","taxable","standard","1","17","0","0","0.35","30","25","3","1","","1299","1799","Minimal Basics (240 GSM)","streetwear, 240gsm, relaxed, axdoro, heavyweight","","https://images.unsplash.com/photo-1578632767114-114407b4695b?auto=format&fit=crop&w=800&q=80, https://images.unsplash.com/photo-1529139574466-a303027c1d8b?auto=format&fit=crop&w=800&q=80, https://images.unsplash.com/photo-1515886657613-9f3515b0c78f?auto=format&fit=crop&w=800&q=80","","","","","","","","","0","Size","XS, S, M, L, XL, XXL","1","1","Color","Muted Olive, Slate Grey, Off White","1","1","GSM","240 GSM","1","1"
"136","variable","AX-MB-136","Zero-Branding Heavy Boxy Tee","1","0","visible","Engineered from signature 240 GSM combed cotton with a structured drop-shoulder drape and durable non-curling collar.","The Zero-Branding Heavy Boxy Tee is crafted for individuals who appreciate architectural structure and superior drape. Woven from 100% long-staple combed cotton at 240 GSM, it offers the ideal heft without feeling suffocating. Features double-needle reinforced chain stitching at the shoulders, custom ribbed collar that retains its shape wash after wash, and pre-shrunk bio-wash finishing for supreme softness.","","","taxable","standard","1","30","0","0","0.35","30","25","3","1","","899","1399","Minimal Basics (240 GSM)","streetwear, 240gsm, relaxed, axdoro, heavyweight","","https://images.unsplash.com/photo-1544441893-675973e31985?auto=format&fit=crop&w=800&q=80, https://images.unsplash.com/photo-1489987707025-afc232f7ea0f?auto=format&fit=crop&w=800&q=80, https://images.unsplash.com/photo-1503342394128-c104d54dba01?auto=format&fit=crop&w=800&q=80","","","","","","","","","0","Size","XS, S, M, L, XL, XXL","1","1","Color","Urban Black, Off White, Sage Green","1","1","GSM","240 GSM","1","1"
"137","variable","AX-MB-137","Refined Silhouette Drop Shoulder Tee","1","1","visible","Engineered from signature 240 GSM combed cotton with a structured drop-shoulder drape and durable non-curling collar.","The Refined Silhouette Drop Shoulder Tee is crafted for individuals who appreciate architectural structure and superior drape. Woven from 100% long-staple combed cotton at 240 GSM, it offers the ideal heft without feeling suffocating. Features double-needle reinforced chain stitching at the shoulders, custom ribbed collar that retains its shape wash after wash, and pre-shrunk bio-wash finishing for supreme softness.","","","taxable","standard","1","43","0","0","0.35","30","25","3","1","","999","1499","Minimal Basics (240 GSM)","streetwear, 240gsm, relaxed, axdoro, heavyweight","","https://images.unsplash.com/photo-1558769132-cb1aea458c5e?auto=format&fit=crop&w=800&q=80, https://images.unsplash.com/photo-1508427953056-b00b8d78ebf5?auto=format&fit=crop&w=800&q=80, https://images.unsplash.com/photo-1576566588028-4147f3842f27?auto=format&fit=crop&w=800&q=80","","","","","","","","","0","Size","XS, S, M, L, XL, XXL","1","1","Color","Washed Charcoal, Sage Green, Mocha Brown","1","1","GSM","240 GSM","1","1"
"138","variable","AX-MB-138","Atelier Heavyweight Combed Cotton Tee","1","0","visible","Engineered from signature 240 GSM combed cotton with a structured drop-shoulder drape and durable non-curling collar.","The Atelier Heavyweight Combed Cotton Tee is crafted for individuals who appreciate architectural structure and superior drape. Woven from 100% long-staple combed cotton at 240 GSM, it offers the ideal heft without feeling suffocating. Features double-needle reinforced chain stitching at the shoulders, custom ribbed collar that retains its shape wash after wash, and pre-shrunk bio-wash finishing for supreme softness.","","","taxable","standard","1","11","0","0","0.35","30","25","3","1","","1099","1599","Minimal Basics (240 GSM)","streetwear, 240gsm, relaxed, axdoro, heavyweight","","https://images.unsplash.com/photo-1503342217505-b0a15ec3261c?auto=format&fit=crop&w=800&q=80, https://images.unsplash.com/photo-1521572267360-ee0c2909d518?auto=format&fit=crop&w=800&q=80, https://images.unsplash.com/photo-1583743814966-8936f5b7be1a?auto=format&fit=crop&w=800&q=80","","","","","","","","","0","Size","XS, S, M, L, XL, XXL","1","1","Color","Sand Dune, Mocha Brown, Navy Blue","1","1","GSM","240 GSM","1","1"
"139","variable","AX-MB-139","Core Foundation Oversized Blank Tee","1","0","visible","Engineered from signature 240 GSM combed cotton with a structured drop-shoulder drape and durable non-curling collar.","The Core Foundation Oversized Blank Tee is crafted for individuals who appreciate architectural structure and superior drape. Woven from 100% long-staple combed cotton at 240 GSM, it offers the ideal heft without feeling suffocating. Features double-needle reinforced chain stitching at the shoulders, custom ribbed collar that retains its shape wash after wash, and pre-shrunk bio-wash finishing for supreme softness.","","","taxable","standard","1","24","0","0","0.35","30","25","3","1","","1199","1699","Minimal Basics (240 GSM)","streetwear, 240gsm, relaxed, axdoro, heavyweight","","https://images.unsplash.com/photo-1556905055-8f358a7a47b2?auto=format&fit=crop&w=800&q=80, https://images.unsplash.com/photo-1624378439575-d8705ad7ae80?auto=format&fit=crop&w=800&q=80, https://images.unsplash.com/photo-1509967419530-da38b4704bc6?auto=format&fit=crop&w=800&q=80","","","","","","","","","0","Size","XS, S, M, L, XL, XXL","1","1","Color","Terracotta, Navy Blue, Slate Grey","1","1","GSM","240 GSM","1","1"
"140","variable","AX-MB-140","Pure Drape 240 GSM Combed Cotton Tee","1","0","visible","Engineered from signature 240 GSM combed cotton with a structured drop-shoulder drape and durable non-curling collar.","The Pure Drape 240 GSM Combed Cotton Tee is crafted for individuals who appreciate architectural structure and superior drape. Woven from 100% long-staple combed cotton at 240 GSM, it offers the ideal heft without feeling suffocating. Features double-needle reinforced chain stitching at the shoulders, custom ribbed collar that retains its shape wash after wash, and pre-shrunk bio-wash finishing for supreme softness.","","","taxable","standard","1","37","0","0","0.35","30","25","3","1","","1299","1799","Minimal Basics (240 GSM)","streetwear, 240gsm, relaxed, axdoro, heavyweight","","https://images.unsplash.com/photo-1618354691373-d851c5c3a990?auto=format&fit=crop&w=800&q=80, https://images.unsplash.com/photo-1562157873-818bc0726f68?auto=format&fit=crop&w=800&q=80, https://images.unsplash.com/photo-1618354691438-25bc04584c03?auto=format&fit=crop&w=800&q=80","","","","","","","","","0","Size","XS, S, M, L, XL, XXL","1","1","Color","Muted Olive, Slate Grey, Off White","1","1","GSM","240 GSM","1","1"
"141","variable","AX-MB-141","Essential Minimalist 240 GSM Tee Edition 2","1","0","visible","Engineered from signature 240 GSM combed cotton with a structured drop-shoulder drape and durable non-curling collar.","The Essential Minimalist 240 GSM Tee Edition 2 is crafted for individuals who appreciate architectural structure and superior drape. Woven from 100% long-staple combed cotton at 240 GSM, it offers the ideal heft without feeling suffocating. Features double-needle reinforced chain stitching at the shoulders, custom ribbed collar that retains its shape wash after wash, and pre-shrunk bio-wash finishing for supreme softness.","","","taxable","standard","1","50","0","0","0.35","30","25","3","1","","899","1399","Minimal Basics (240 GSM)","streetwear, 240gsm, relaxed, axdoro, heavyweight","","https://images.unsplash.com/photo-1527719327859-c6ce80353573?auto=format&fit=crop&w=800&q=80, https://images.unsplash.com/photo-1578632767115-351597cf2477?auto=format&fit=crop&w=800&q=80, https://images.unsplash.com/photo-1578632767114-114407b4695b?auto=format&fit=crop&w=800&q=80","","","","","","","","","0","Size","XS, S, M, L, XL, XXL","1","1","Color","Urban Black, Off White, Sage Green","1","1","GSM","240 GSM","1","1"
"142","variable","AX-MB-142","Architectural Pure Cut Heavy Tee Edition 2","1","1","visible","Engineered from signature 240 GSM combed cotton with a structured drop-shoulder drape and durable non-curling collar.","The Architectural Pure Cut Heavy Tee Edition 2 is crafted for individuals who appreciate architectural structure and superior drape. Woven from 100% long-staple combed cotton at 240 GSM, it offers the ideal heft without feeling suffocating. Features double-needle reinforced chain stitching at the shoulders, custom ribbed collar that retains its shape wash after wash, and pre-shrunk bio-wash finishing for supreme softness.","","","taxable","standard","1","18","0","0","0.35","30","25","3","1","","999","1499","Minimal Basics (240 GSM)","streetwear, 240gsm, relaxed, axdoro, heavyweight","","https://images.unsplash.com/photo-1529139574466-a303027c1d8b?auto=format&fit=crop&w=800&q=80, https://images.unsplash.com/photo-1515886657613-9f3515b0c78f?auto=format&fit=crop&w=800&q=80, https://images.unsplash.com/photo-1544441893-675973e31985?auto=format&fit=crop&w=800&q=80","","","","","","","","","0","Size","XS, S, M, L, XL, XXL","1","1","Color","Washed Charcoal, Sage Green, Mocha Brown","1","1","GSM","240 GSM","1","1"
"143","variable","AX-MB-143","Blank Canvas Drop Shoulder Tee Edition 2","1","0","visible","Engineered from signature 240 GSM combed cotton with a structured drop-shoulder drape and durable non-curling collar.","The Blank Canvas Drop Shoulder Tee Edition 2 is crafted for individuals who appreciate architectural structure and superior drape. Woven from 100% long-staple combed cotton at 240 GSM, it offers the ideal heft without feeling suffocating. Features double-needle reinforced chain stitching at the shoulders, custom ribbed collar that retains its shape wash after wash, and pre-shrunk bio-wash finishing for supreme softness.","","","taxable","standard","1","31","0","0","0.35","30","25","3","1","","1099","1599","Minimal Basics (240 GSM)","streetwear, 240gsm, relaxed, axdoro, heavyweight","","https://images.unsplash.com/photo-1489987707025-afc232f7ea0f?auto=format&fit=crop&w=800&q=80, https://images.unsplash.com/photo-1503342394128-c104d54dba01?auto=format&fit=crop&w=800&q=80, https://images.unsplash.com/photo-1558769132-cb1aea458c5e?auto=format&fit=crop&w=800&q=80","","","","","","","","","0","Size","XS, S, M, L, XL, XXL","1","1","Color","Sand Dune, Mocha Brown, Navy Blue","1","1","GSM","240 GSM","1","1"
"144","variable","AX-MB-144","Clean Geometry Heavyweight Cotton Tee Edition 2","1","0","visible","Engineered from signature 240 GSM combed cotton with a structured drop-shoulder drape and durable non-curling collar.","The Clean Geometry Heavyweight Cotton Tee Edition 2 is crafted for individuals who appreciate architectural structure and superior drape. Woven from 100% long-staple combed cotton at 240 GSM, it offers the ideal heft without feeling suffocating. Features double-needle reinforced chain stitching at the shoulders, custom ribbed collar that retains its shape wash after wash, and pre-shrunk bio-wash finishing for supreme softness.","","","taxable","standard","1","44","0","0","0.35","30","25","3","1","","1199","1699","Minimal Basics (240 GSM)","streetwear, 240gsm, relaxed, axdoro, heavyweight","","https://images.unsplash.com/photo-1508427953056-b00b8d78ebf5?auto=format&fit=crop&w=800&q=80, https://images.unsplash.com/photo-1576566588028-4147f3842f27?auto=format&fit=crop&w=800&q=80, https://images.unsplash.com/photo-1503342217505-b0a15ec3261c?auto=format&fit=crop&w=800&q=80","","","","","","","","","0","Size","XS, S, M, L, XL, XXL","1","1","Color","Terracotta, Navy Blue, Slate Grey","1","1","GSM","240 GSM","1","1"
"145","variable","AX-MB-145","Subtle Luxury Bio-Washed Plain Tee Edition 2","1","0","visible","Engineered from signature 240 GSM combed cotton with a structured drop-shoulder drape and durable non-curling collar.","The Subtle Luxury Bio-Washed Plain Tee Edition 2 is crafted for individuals who appreciate architectural structure and superior drape. Woven from 100% long-staple combed cotton at 240 GSM, it offers the ideal heft without feeling suffocating. Features double-needle reinforced chain stitching at the shoulders, custom ribbed collar that retains its shape wash after wash, and pre-shrunk bio-wash finishing for supreme softness.","","","taxable","standard","1","12","0","0","0.35","30","25","3","1","","1299","1799","Minimal Basics (240 GSM)","streetwear, 240gsm, relaxed, axdoro, heavyweight","","https://images.unsplash.com/photo-1521572267360-ee0c2909d518?auto=format&fit=crop&w=800&q=80, https://images.unsplash.com/photo-1583743814966-8936f5b7be1a?auto=format&fit=crop&w=800&q=80, https://images.unsplash.com/photo-1556905055-8f358a7a47b2?auto=format&fit=crop&w=800&q=80","","","","","","","","","0","Size","XS, S, M, L, XL, XXL","1","1","Color","Muted Olive, Slate Grey, Off White","1","1","GSM","240 GSM","1","1"
"146","variable","AX-MB-146","Zero-Branding Heavy Boxy Tee Edition 2","1","0","visible","Engineered from signature 240 GSM combed cotton with a structured drop-shoulder drape and durable non-curling collar.","The Zero-Branding Heavy Boxy Tee Edition 2 is crafted for individuals who appreciate architectural structure and superior drape. Woven from 100% long-staple combed cotton at 240 GSM, it offers the ideal heft without feeling suffocating. Features double-needle reinforced chain stitching at the shoulders, custom ribbed collar that retains its shape wash after wash, and pre-shrunk bio-wash finishing for supreme softness.","","","taxable","standard","1","25","0","0","0.35","30","25","3","1","","899","1399","Minimal Basics (240 GSM)","streetwear, 240gsm, relaxed, axdoro, heavyweight","","https://images.unsplash.com/photo-1624378439575-d8705ad7ae80?auto=format&fit=crop&w=800&q=80, https://images.unsplash.com/photo-1509967419530-da38b4704bc6?auto=format&fit=crop&w=800&q=80, https://images.unsplash.com/photo-1618354691373-d851c5c3a990?auto=format&fit=crop&w=800&q=80","","","","","","","","","0","Size","XS, S, M, L, XL, XXL","1","1","Color","Urban Black, Off White, Sage Green","1","1","GSM","240 GSM","1","1"
"147","variable","AX-MB-147","Refined Silhouette Drop Shoulder Tee Edition 2","1","1","visible","Engineered from signature 240 GSM combed cotton with a structured drop-shoulder drape and durable non-curling collar.","The Refined Silhouette Drop Shoulder Tee Edition 2 is crafted for individuals who appreciate architectural structure and superior drape. Woven from 100% long-staple combed cotton at 240 GSM, it offers the ideal heft without feeling suffocating. Features double-needle reinforced chain stitching at the shoulders, custom ribbed collar that retains its shape wash after wash, and pre-shrunk bio-wash finishing for supreme softness.","","","taxable","standard","1","38","0","0","0.35","30","25","3","1","","999","1499","Minimal Basics (240 GSM)","streetwear, 240gsm, relaxed, axdoro, heavyweight","","https://images.unsplash.com/photo-1562157873-818bc0726f68?auto=format&fit=crop&w=800&q=80, https://images.unsplash.com/photo-1618354691438-25bc04584c03?auto=format&fit=crop&w=800&q=80, https://images.unsplash.com/photo-1527719327859-c6ce80353573?auto=format&fit=crop&w=800&q=80","","","","","","","","","0","Size","XS, S, M, L, XL, XXL","1","1","Color","Washed Charcoal, Sage Green, Mocha Brown","1","1","GSM","240 GSM","1","1"
"148","variable","AX-MB-148","Atelier Heavyweight Combed Cotton Tee Edition 2","1","0","visible","Engineered from signature 240 GSM combed cotton with a structured drop-shoulder drape and durable non-curling collar.","The Atelier Heavyweight Combed Cotton Tee Edition 2 is crafted for individuals who appreciate architectural structure and superior drape. Woven from 100% long-staple combed cotton at 240 GSM, it offers the ideal heft without feeling suffocating. Features double-needle reinforced chain stitching at the shoulders, custom ribbed collar that retains its shape wash after wash, and pre-shrunk bio-wash finishing for supreme softness.","","","taxable","standard","1","51","0","0","0.35","30","25","3","1","","1099","1599","Minimal Basics (240 GSM)","streetwear, 240gsm, relaxed, axdoro, heavyweight","","https://images.unsplash.com/photo-1578632767115-351597cf2477?auto=format&fit=crop&w=800&q=80, https://images.unsplash.com/photo-1578632767114-114407b4695b?auto=format&fit=crop&w=800&q=80, https://images.unsplash.com/photo-1529139574466-a303027c1d8b?auto=format&fit=crop&w=800&q=80","","","","","","","","","0","Size","XS, S, M, L, XL, XXL","1","1","Color","Sand Dune, Mocha Brown, Navy Blue","1","1","GSM","240 GSM","1","1"
"149","variable","AX-MB-149","Core Foundation Oversized Blank Tee Edition 2","1","0","visible","Engineered from signature 240 GSM combed cotton with a structured drop-shoulder drape and durable non-curling collar.","The Core Foundation Oversized Blank Tee Edition 2 is crafted for individuals who appreciate architectural structure and superior drape. Woven from 100% long-staple combed cotton at 240 GSM, it offers the ideal heft without feeling suffocating. Features double-needle reinforced chain stitching at the shoulders, custom ribbed collar that retains its shape wash after wash, and pre-shrunk bio-wash finishing for supreme softness.","","","taxable","standard","1","19","0","0","0.35","30","25","3","1","","1199","1699","Minimal Basics (240 GSM)","streetwear, 240gsm, relaxed, axdoro, heavyweight","","https://images.unsplash.com/photo-1515886657613-9f3515b0c78f?auto=format&fit=crop&w=800&q=80, https://images.unsplash.com/photo-1544441893-675973e31985?auto=format&fit=crop&w=800&q=80, https://images.unsplash.com/photo-1489987707025-afc232f7ea0f?auto=format&fit=crop&w=800&q=80","","","","","","","","","0","Size","XS, S, M, L, XL, XXL","1","1","Color","Terracotta, Navy Blue, Slate Grey","1","1","GSM","240 GSM","1","1"
"150","variable","AX-MB-150","Pure Drape 240 GSM Combed Cotton Tee Edition 2","1","0","visible","Engineered from signature 240 GSM combed cotton with a structured drop-shoulder drape and durable non-curling collar.","The Pure Drape 240 GSM Combed Cotton Tee Edition 2 is crafted for individuals who appreciate architectural structure and superior drape. Woven from 100% long-staple combed cotton at 240 GSM, it offers the ideal heft without feeling suffocating. Features double-needle reinforced chain stitching at the shoulders, custom ribbed collar that retains its shape wash after wash, and pre-shrunk bio-wash finishing for supreme softness.","","","taxable","standard","1","32","0","0","0.35","30","25","3","1","","1299","1799","Minimal Basics (240 GSM)","streetwear, 240gsm, relaxed, axdoro, heavyweight","","https://images.unsplash.com/photo-1503342394128-c104d54dba01?auto=format&fit=crop&w=800&q=80, https://images.unsplash.com/photo-1558769132-cb1aea458c5e?auto=format&fit=crop&w=800&q=80, https://images.unsplash.com/photo-1508427953056-b00b8d78ebf5?auto=format&fit=crop&w=800&q=80","","","","","","","","","0","Size","XS, S, M, L, XL, XXL","1","1","Color","Muted Olive, Slate Grey, Off White","1","1","GSM","240 GSM","1","1"
"151","variable","AX-MB-151","Essential Minimalist 240 GSM Tee Edition 3","1","0","visible","Engineered from signature 240 GSM combed cotton with a structured drop-shoulder drape and durable non-curling collar.","The Essential Minimalist 240 GSM Tee Edition 3 is crafted for individuals who appreciate architectural structure and superior drape. Woven from 100% long-staple combed cotton at 240 GSM, it offers the ideal heft without feeling suffocating. Features double-needle reinforced chain stitching at the shoulders, custom ribbed collar that retains its shape wash after wash, and pre-shrunk bio-wash finishing for supreme softness.","","","taxable","standard","1","45","0","0","0.35","30","25","3","1","","899","1399","Minimal Basics (240 GSM)","streetwear, 240gsm, relaxed, axdoro, heavyweight","","https://images.unsplash.com/photo-1576566588028-4147f3842f27?auto=format&fit=crop&w=800&q=80, https://images.unsplash.com/photo-1503342217505-b0a15ec3261c?auto=format&fit=crop&w=800&q=80, https://images.unsplash.com/photo-1521572267360-ee0c2909d518?auto=format&fit=crop&w=800&q=80","","","","","","","","","0","Size","XS, S, M, L, XL, XXL","1","1","Color","Urban Black, Off White, Sage Green","1","1","GSM","240 GSM","1","1"
"152","variable","AX-MB-152","Architectural Pure Cut Heavy Tee Edition 3","1","1","visible","Engineered from signature 240 GSM combed cotton with a structured drop-shoulder drape and durable non-curling collar.","The Architectural Pure Cut Heavy Tee Edition 3 is crafted for individuals who appreciate architectural structure and superior drape. Woven from 100% long-staple combed cotton at 240 GSM, it offers the ideal heft without feeling suffocating. Features double-needle reinforced chain stitching at the shoulders, custom ribbed collar that retains its shape wash after wash, and pre-shrunk bio-wash finishing for supreme softness.","","","taxable","standard","1","13","0","0","0.35","30","25","3","1","","999","1499","Minimal Basics (240 GSM)","streetwear, 240gsm, relaxed, axdoro, heavyweight","","https://images.unsplash.com/photo-1583743814966-8936f5b7be1a?auto=format&fit=crop&w=800&q=80, https://images.unsplash.com/photo-1556905055-8f358a7a47b2?auto=format&fit=crop&w=800&q=80, https://images.unsplash.com/photo-1624378439575-d8705ad7ae80?auto=format&fit=crop&w=800&q=80","","","","","","","","","0","Size","XS, S, M, L, XL, XXL","1","1","Color","Washed Charcoal, Sage Green, Mocha Brown","1","1","GSM","240 GSM","1","1"
"153","variable","AX-MB-153","Blank Canvas Drop Shoulder Tee Edition 3","1","0","visible","Engineered from signature 240 GSM combed cotton with a structured drop-shoulder drape and durable non-curling collar.","The Blank Canvas Drop Shoulder Tee Edition 3 is crafted for individuals who appreciate architectural structure and superior drape. Woven from 100% long-staple combed cotton at 240 GSM, it offers the ideal heft without feeling suffocating. Features double-needle reinforced chain stitching at the shoulders, custom ribbed collar that retains its shape wash after wash, and pre-shrunk bio-wash finishing for supreme softness.","","","taxable","standard","1","26","0","0","0.35","30","25","3","1","","1099","1599","Minimal Basics (240 GSM)","streetwear, 240gsm, relaxed, axdoro, heavyweight","","https://images.unsplash.com/photo-1509967419530-da38b4704bc6?auto=format&fit=crop&w=800&q=80, https://images.unsplash.com/photo-1618354691373-d851c5c3a990?auto=format&fit=crop&w=800&q=80, https://images.unsplash.com/photo-1562157873-818bc0726f68?auto=format&fit=crop&w=800&q=80","","","","","","","","","0","Size","XS, S, M, L, XL, XXL","1","1","Color","Sand Dune, Mocha Brown, Navy Blue","1","1","GSM","240 GSM","1","1"
"154","variable","AX-MB-154","Clean Geometry Heavyweight Cotton Tee Edition 3","1","0","visible","Engineered from signature 240 GSM combed cotton with a structured drop-shoulder drape and durable non-curling collar.","The Clean Geometry Heavyweight Cotton Tee Edition 3 is crafted for individuals who appreciate architectural structure and superior drape. Woven from 100% long-staple combed cotton at 240 GSM, it offers the ideal heft without feeling suffocating. Features double-needle reinforced chain stitching at the shoulders, custom ribbed collar that retains its shape wash after wash, and pre-shrunk bio-wash finishing for supreme softness.","","","taxable","standard","1","39","0","0","0.35","30","25","3","1","","1199","1699","Minimal Basics (240 GSM)","streetwear, 240gsm, relaxed, axdoro, heavyweight","","https://images.unsplash.com/photo-1618354691438-25bc04584c03?auto=format&fit=crop&w=800&q=80, https://images.unsplash.com/photo-1527719327859-c6ce80353573?auto=format&fit=crop&w=800&q=80, https://images.unsplash.com/photo-1578632767115-351597cf2477?auto=format&fit=crop&w=800&q=80","","","","","","","","","0","Size","XS, S, M, L, XL, XXL","1","1","Color","Terracotta, Navy Blue, Slate Grey","1","1","GSM","240 GSM","1","1"
"155","variable","AX-MB-155","Subtle Luxury Bio-Washed Plain Tee Edition 3","1","0","visible","Engineered from signature 240 GSM combed cotton with a structured drop-shoulder drape and durable non-curling collar.","The Subtle Luxury Bio-Washed Plain Tee Edition 3 is crafted for individuals who appreciate architectural structure and superior drape. Woven from 100% long-staple combed cotton at 240 GSM, it offers the ideal heft without feeling suffocating. Features double-needle reinforced chain stitching at the shoulders, custom ribbed collar that retains its shape wash after wash, and pre-shrunk bio-wash finishing for supreme softness.","","","taxable","standard","1","52","0","0","0.35","30","25","3","1","","1299","1799","Minimal Basics (240 GSM)","streetwear, 240gsm, relaxed, axdoro, heavyweight","","https://images.unsplash.com/photo-1578632767114-114407b4695b?auto=format&fit=crop&w=800&q=80, https://images.unsplash.com/photo-1529139574466-a303027c1d8b?auto=format&fit=crop&w=800&q=80, https://images.unsplash.com/photo-1515886657613-9f3515b0c78f?auto=format&fit=crop&w=800&q=80","","","","","","","","","0","Size","XS, S, M, L, XL, XXL","1","1","Color","Muted Olive, Slate Grey, Off White","1","1","GSM","240 GSM","1","1"
"156","variable","AX-MB-156","Zero-Branding Heavy Boxy Tee Edition 3","1","0","visible","Engineered from signature 240 GSM combed cotton with a structured drop-shoulder drape and durable non-curling collar.","The Zero-Branding Heavy Boxy Tee Edition 3 is crafted for individuals who appreciate architectural structure and superior drape. Woven from 100% long-staple combed cotton at 240 GSM, it offers the ideal heft without feeling suffocating. Features double-needle reinforced chain stitching at the shoulders, custom ribbed collar that retains its shape wash after wash, and pre-shrunk bio-wash finishing for supreme softness.","","","taxable","standard","1","20","0","0","0.35","30","25","3","1","","899","1399","Minimal Basics (240 GSM)","streetwear, 240gsm, relaxed, axdoro, heavyweight","","https://images.unsplash.com/photo-1544441893-675973e31985?auto=format&fit=crop&w=800&q=80, https://images.unsplash.com/photo-1489987707025-afc232f7ea0f?auto=format&fit=crop&w=800&q=80, https://images.unsplash.com/photo-1503342394128-c104d54dba01?auto=format&fit=crop&w=800&q=80","","","","","","","","","0","Size","XS, S, M, L, XL, XXL","1","1","Color","Urban Black, Off White, Sage Green","1","1","GSM","240 GSM","1","1"
"157","variable","AX-MB-157","Refined Silhouette Drop Shoulder Tee Edition 3","1","1","visible","Engineered from signature 240 GSM combed cotton with a structured drop-shoulder drape and durable non-curling collar.","The Refined Silhouette Drop Shoulder Tee Edition 3 is crafted for individuals who appreciate architectural structure and superior drape. Woven from 100% long-staple combed cotton at 240 GSM, it offers the ideal heft without feeling suffocating. Features double-needle reinforced chain stitching at the shoulders, custom ribbed collar that retains its shape wash after wash, and pre-shrunk bio-wash finishing for supreme softness.","","","taxable","standard","1","33","0","0","0.35","30","25","3","1","","999","1499","Minimal Basics (240 GSM)","streetwear, 240gsm, relaxed, axdoro, heavyweight","","https://images.unsplash.com/photo-1558769132-cb1aea458c5e?auto=format&fit=crop&w=800&q=80, https://images.unsplash.com/photo-1508427953056-b00b8d78ebf5?auto=format&fit=crop&w=800&q=80, https://images.unsplash.com/photo-1576566588028-4147f3842f27?auto=format&fit=crop&w=800&q=80","","","","","","","","","0","Size","XS, S, M, L, XL, XXL","1","1","Color","Washed Charcoal, Sage Green, Mocha Brown","1","1","GSM","240 GSM","1","1"
"158","variable","AX-MB-158","Atelier Heavyweight Combed Cotton Tee Edition 3","1","0","visible","Engineered from signature 240 GSM combed cotton with a structured drop-shoulder drape and durable non-curling collar.","The Atelier Heavyweight Combed Cotton Tee Edition 3 is crafted for individuals who appreciate architectural structure and superior drape. Woven from 100% long-staple combed cotton at 240 GSM, it offers the ideal heft without feeling suffocating. Features double-needle reinforced chain stitching at the shoulders, custom ribbed collar that retains its shape wash after wash, and pre-shrunk bio-wash finishing for supreme softness.","","","taxable","standard","1","46","0","0","0.35","30","25","3","1","","1099","1599","Minimal Basics (240 GSM)","streetwear, 240gsm, relaxed, axdoro, heavyweight","","https://images.unsplash.com/photo-1503342217505-b0a15ec3261c?auto=format&fit=crop&w=800&q=80, https://images.unsplash.com/photo-1521572267360-ee0c2909d518?auto=format&fit=crop&w=800&q=80, https://images.unsplash.com/photo-1583743814966-8936f5b7be1a?auto=format&fit=crop&w=800&q=80","","","","","","","","","0","Size","XS, S, M, L, XL, XXL","1","1","Color","Sand Dune, Mocha Brown, Navy Blue","1","1","GSM","240 GSM","1","1"
"159","variable","AX-MB-159","Core Foundation Oversized Blank Tee Edition 3","1","0","visible","Engineered from signature 240 GSM combed cotton with a structured drop-shoulder drape and durable non-curling collar.","The Core Foundation Oversized Blank Tee Edition 3 is crafted for individuals who appreciate architectural structure and superior drape. Woven from 100% long-staple combed cotton at 240 GSM, it offers the ideal heft without feeling suffocating. Features double-needle reinforced chain stitching at the shoulders, custom ribbed collar that retains its shape wash after wash, and pre-shrunk bio-wash finishing for supreme softness.","","","taxable","standard","1","14","0","0","0.35","30","25","3","1","","1199","1699","Minimal Basics (240 GSM)","streetwear, 240gsm, relaxed, axdoro, heavyweight","","https://images.unsplash.com/photo-1556905055-8f358a7a47b2?auto=format&fit=crop&w=800&q=80, https://images.unsplash.com/photo-1624378439575-d8705ad7ae80?auto=format&fit=crop&w=800&q=80, https://images.unsplash.com/photo-1509967419530-da38b4704bc6?auto=format&fit=crop&w=800&q=80","","","","","","","","","0","Size","XS, S, M, L, XL, XXL","1","1","Color","Terracotta, Navy Blue, Slate Grey","1","1","GSM","240 GSM","1","1"
"160","variable","AX-MB-160","Pure Drape 240 GSM Combed Cotton Tee Edition 3","1","0","visible","Engineered from signature 240 GSM combed cotton with a structured drop-shoulder drape and durable non-curling collar.","The Pure Drape 240 GSM Combed Cotton Tee Edition 3 is crafted for individuals who appreciate architectural structure and superior drape. Woven from 100% long-staple combed cotton at 240 GSM, it offers the ideal heft without feeling suffocating. Features double-needle reinforced chain stitching at the shoulders, custom ribbed collar that retains its shape wash after wash, and pre-shrunk bio-wash finishing for supreme softness.","","","taxable","standard","1","27","0","0","0.35","30","25","3","1","","1299","1799","Minimal Basics (240 GSM)","streetwear, 240gsm, relaxed, axdoro, heavyweight","","https://images.unsplash.com/photo-1618354691373-d851c5c3a990?auto=format&fit=crop&w=800&q=80, https://images.unsplash.com/photo-1562157873-818bc0726f68?auto=format&fit=crop&w=800&q=80, https://images.unsplash.com/photo-1618354691438-25bc04584c03?auto=format&fit=crop&w=800&q=80","","","","","","","","","0","Size","XS, S, M, L, XL, XXL","1","1","Color","Muted Olive, Slate Grey, Off White","1","1","GSM","240 GSM","1","1"
"161","variable","AX-HD-161","380 GSM Heavy French Terry Pullover Hoodie","1","0","visible","Engineered from signature 380 GSM combed cotton with a structured drop-shoulder drape and durable non-curling collar.","The 380 GSM Heavy French Terry Pullover Hoodie is crafted for individuals who appreciate architectural structure and superior drape. Woven from 100% long-staple combed cotton at 380 GSM, it offers the ideal heft without feeling suffocating. Features double-needle reinforced chain stitching at the shoulders, custom ribbed collar that retains its shape wash after wash, and pre-shrunk bio-wash finishing for supreme softness.","","","taxable","standard","1","10","0","0","0.35","30","25","3","1","","2199","2799","Heavyweight Hoodies","streetwear, 380gsm, oversized, axdoro, heavyweight","","https://images.unsplash.com/photo-1576566588028-4147f3842f27?auto=format&fit=crop&w=800&q=80, https://images.unsplash.com/photo-1503342217505-b0a15ec3261c?auto=format&fit=crop&w=800&q=80, https://images.unsplash.com/photo-1521572267360-ee0c2909d518?auto=format&fit=crop&w=800&q=80","","","","","","","","","0","Size","XS, S, M, L, XL, XXL","1","1","Color","Urban Black, Off White, Sage Green","1","1","GSM","380 GSM","1","1"
"162","variable","AX-HD-162","Architectural Boxy Cut Streetwear Hoodie","1","1","visible","Engineered from signature 380 GSM combed cotton with a structured drop-shoulder drape and durable non-curling collar.","The Architectural Boxy Cut Streetwear Hoodie is crafted for individuals who appreciate architectural structure and superior drape. Woven from 100% long-staple combed cotton at 380 GSM, it offers the ideal heft without feeling suffocating. Features double-needle reinforced chain stitching at the shoulders, custom ribbed collar that retains its shape wash after wash, and pre-shrunk bio-wash finishing for supreme softness.","","","taxable","standard","1","23","0","0","0.35","30","25","3","1","","2299","2899","Heavyweight Hoodies","streetwear, 380gsm, oversized, axdoro, heavyweight","","https://images.unsplash.com/photo-1583743814966-8936f5b7be1a?auto=format&fit=crop&w=800&q=80, https://images.unsplash.com/photo-1556905055-8f358a7a47b2?auto=format&fit=crop&w=800&q=80, https://images.unsplash.com/photo-1624378439575-d8705ad7ae80?auto=format&fit=crop&w=800&q=80","","","","","","","","","0","Size","XS, S, M, L, XL, XXL","1","1","Color","Washed Charcoal, Sage Green, Mocha Brown","1","1","GSM","380 GSM","1","1"
"163","variable","AX-HD-163","Dropped Shoulder Heavyweight Zip Hoodie","1","0","visible","Engineered from signature 380 GSM combed cotton with a structured drop-shoulder drape and durable non-curling collar.","The Dropped Shoulder Heavyweight Zip Hoodie is crafted for individuals who appreciate architectural structure and superior drape. Woven from 100% long-staple combed cotton at 380 GSM, it offers the ideal heft without feeling suffocating. Features double-needle reinforced chain stitching at the shoulders, custom ribbed collar that retains its shape wash after wash, and pre-shrunk bio-wash finishing for supreme softness.","","","taxable","standard","1","36","0","0","0.35","30","25","3","1","","2399","2999","Heavyweight Hoodies","streetwear, 380gsm, oversized, axdoro, heavyweight","","https://images.unsplash.com/photo-1509967419530-da38b4704bc6?auto=format&fit=crop&w=800&q=80, https://images.unsplash.com/photo-1618354691373-d851c5c3a990?auto=format&fit=crop&w=800&q=80, https://images.unsplash.com/photo-1562157873-818bc0726f68?auto=format&fit=crop&w=800&q=80","","","","","","","","","0","Size","XS, S, M, L, XL, XXL","1","1","Color","Sand Dune, Mocha Brown, Navy Blue","1","1","GSM","380 GSM","1","1"
"164","variable","AX-HD-164","Thermal Lined Oversized Street Hoodie","1","0","visible","Engineered from signature 380 GSM combed cotton with a structured drop-shoulder drape and durable non-curling collar.","The Thermal Lined Oversized Street Hoodie is crafted for individuals who appreciate architectural structure and superior drape. Woven from 100% long-staple combed cotton at 380 GSM, it offers the ideal heft without feeling suffocating. Features double-needle reinforced chain stitching at the shoulders, custom ribbed collar that retains its shape wash after wash, and pre-shrunk bio-wash finishing for supreme softness.","","","taxable","standard","1","49","0","0","0.35","30","25","3","1","","2499","3099","Heavyweight Hoodies","streetwear, 380gsm, oversized, axdoro, heavyweight","","https://images.unsplash.com/photo-1618354691438-25bc04584c03?auto=format&fit=crop&w=800&q=80, https://images.unsplash.com/photo-1527719327859-c6ce80353573?auto=format&fit=crop&w=800&q=80, https://images.unsplash.com/photo-1578632767115-351597cf2477?auto=format&fit=crop&w=800&q=80","","","","","","","","","0","Size","XS, S, M, L, XL, XXL","1","1","Color","Terracotta, Navy Blue, Slate Grey","1","1","GSM","380 GSM","1","1"
"165","variable","AX-HD-165","Minimalist High-Density Fleece Hoodie","1","0","visible","Engineered from signature 380 GSM combed cotton with a structured drop-shoulder drape and durable non-curling collar.","The Minimalist High-Density Fleece Hoodie is crafted for individuals who appreciate architectural structure and superior drape. Woven from 100% long-staple combed cotton at 380 GSM, it offers the ideal heft without feeling suffocating. Features double-needle reinforced chain stitching at the shoulders, custom ribbed collar that retains its shape wash after wash, and pre-shrunk bio-wash finishing for supreme softness.","","","taxable","standard","1","17","0","0","0.35","30","25","3","1","","2599","3199","Heavyweight Hoodies","streetwear, 380gsm, oversized, axdoro, heavyweight","","https://images.unsplash.com/photo-1578632767114-114407b4695b?auto=format&fit=crop&w=800&q=80, https://images.unsplash.com/photo-1529139574466-a303027c1d8b?auto=format&fit=crop&w=800&q=80, https://images.unsplash.com/photo-1515886657613-9f3515b0c78f?auto=format&fit=crop&w=800&q=80","","","","","","","","","0","Size","XS, S, M, L, XL, XXL","1","1","Color","Muted Olive, Slate Grey, Off White","1","1","GSM","380 GSM","1","1"
"166","variable","AX-HD-166","Brutalist Raw Edge Heavyweight Hoodie","1","0","visible","Engineered from signature 380 GSM combed cotton with a structured drop-shoulder drape and durable non-curling collar.","The Brutalist Raw Edge Heavyweight Hoodie is crafted for individuals who appreciate architectural structure and superior drape. Woven from 100% long-staple combed cotton at 380 GSM, it offers the ideal heft without feeling suffocating. Features double-needle reinforced chain stitching at the shoulders, custom ribbed collar that retains its shape wash after wash, and pre-shrunk bio-wash finishing for supreme softness.","","","taxable","standard","1","30","0","0","0.35","30","25","3","1","","2199","2799","Heavyweight Hoodies","streetwear, 380gsm, oversized, axdoro, heavyweight","","https://images.unsplash.com/photo-1544441893-675973e31985?auto=format&fit=crop&w=800&q=80, https://images.unsplash.com/photo-1489987707025-afc232f7ea0f?auto=format&fit=crop&w=800&q=80, https://images.unsplash.com/photo-1503342394128-c104d54dba01?auto=format&fit=crop&w=800&q=80","","","","","","","","","0","Size","XS, S, M, L, XL, XXL","1","1","Color","Urban Black, Off White, Sage Green","1","1","GSM","380 GSM","1","1"
"167","variable","AX-HD-167","Vintage Washed French Terry Hoodie","1","1","visible","Engineered from signature 380 GSM combed cotton with a structured drop-shoulder drape and durable non-curling collar.","The Vintage Washed French Terry Hoodie is crafted for individuals who appreciate architectural structure and superior drape. Woven from 100% long-staple combed cotton at 380 GSM, it offers the ideal heft without feeling suffocating. Features double-needle reinforced chain stitching at the shoulders, custom ribbed collar that retains its shape wash after wash, and pre-shrunk bio-wash finishing for supreme softness.","","","taxable","standard","1","43","0","0","0.35","30","25","3","1","","2299","2899","Heavyweight Hoodies","streetwear, 380gsm, oversized, axdoro, heavyweight","","https://images.unsplash.com/photo-1558769132-cb1aea458c5e?auto=format&fit=crop&w=800&q=80, https://images.unsplash.com/photo-1508427953056-b00b8d78ebf5?auto=format&fit=crop&w=800&q=80, https://images.unsplash.com/photo-1576566588028-4147f3842f27?auto=format&fit=crop&w=800&q=80","","","","","","","","","0","Size","XS, S, M, L, XL, XXL","1","1","Color","Washed Charcoal, Sage Green, Mocha Brown","1","1","GSM","380 GSM","1","1"
"168","variable","AX-HD-168","Double-Hooded Heavyweight Street Hoodie","1","0","visible","Engineered from signature 380 GSM combed cotton with a structured drop-shoulder drape and durable non-curling collar.","The Double-Hooded Heavyweight Street Hoodie is crafted for individuals who appreciate architectural structure and superior drape. Woven from 100% long-staple combed cotton at 380 GSM, it offers the ideal heft without feeling suffocating. Features double-needle reinforced chain stitching at the shoulders, custom ribbed collar that retains its shape wash after wash, and pre-shrunk bio-wash finishing for supreme softness.","","","taxable","standard","1","11","0","0","0.35","30","25","3","1","","2399","2999","Heavyweight Hoodies","streetwear, 380gsm, oversized, axdoro, heavyweight","","https://images.unsplash.com/photo-1503342217505-b0a15ec3261c?auto=format&fit=crop&w=800&q=80, https://images.unsplash.com/photo-1521572267360-ee0c2909d518?auto=format&fit=crop&w=800&q=80, https://images.unsplash.com/photo-1583743814966-8936f5b7be1a?auto=format&fit=crop&w=800&q=80","","","","","","","","","0","Size","XS, S, M, L, XL, XXL","1","1","Color","Sand Dune, Mocha Brown, Navy Blue","1","1","GSM","380 GSM","1","1"
"169","variable","AX-HD-169","380 GSM Heavy French Terry Pullover Hoodie Edition 2","1","0","visible","Engineered from signature 380 GSM combed cotton with a structured drop-shoulder drape and durable non-curling collar.","The 380 GSM Heavy French Terry Pullover Hoodie Edition 2 is crafted for individuals who appreciate architectural structure and superior drape. Woven from 100% long-staple combed cotton at 380 GSM, it offers the ideal heft without feeling suffocating. Features double-needle reinforced chain stitching at the shoulders, custom ribbed collar that retains its shape wash after wash, and pre-shrunk bio-wash finishing for supreme softness.","","","taxable","standard","1","24","0","0","0.35","30","25","3","1","","2499","3099","Heavyweight Hoodies","streetwear, 380gsm, oversized, axdoro, heavyweight","","https://images.unsplash.com/photo-1556905055-8f358a7a47b2?auto=format&fit=crop&w=800&q=80, https://images.unsplash.com/photo-1624378439575-d8705ad7ae80?auto=format&fit=crop&w=800&q=80, https://images.unsplash.com/photo-1509967419530-da38b4704bc6?auto=format&fit=crop&w=800&q=80","","","","","","","","","0","Size","XS, S, M, L, XL, XXL","1","1","Color","Terracotta, Navy Blue, Slate Grey","1","1","GSM","380 GSM","1","1"
"170","variable","AX-HD-170","Architectural Boxy Cut Streetwear Hoodie Edition 2","1","0","visible","Engineered from signature 380 GSM combed cotton with a structured drop-shoulder drape and durable non-curling collar.","The Architectural Boxy Cut Streetwear Hoodie Edition 2 is crafted for individuals who appreciate architectural structure and superior drape. Woven from 100% long-staple combed cotton at 380 GSM, it offers the ideal heft without feeling suffocating. Features double-needle reinforced chain stitching at the shoulders, custom ribbed collar that retains its shape wash after wash, and pre-shrunk bio-wash finishing for supreme softness.","","","taxable","standard","1","37","0","0","0.35","30","25","3","1","","2599","3199","Heavyweight Hoodies","streetwear, 380gsm, oversized, axdoro, heavyweight","","https://images.unsplash.com/photo-1618354691373-d851c5c3a990?auto=format&fit=crop&w=800&q=80, https://images.unsplash.com/photo-1562157873-818bc0726f68?auto=format&fit=crop&w=800&q=80, https://images.unsplash.com/photo-1618354691438-25bc04584c03?auto=format&fit=crop&w=800&q=80","","","","","","","","","0","Size","XS, S, M, L, XL, XXL","1","1","Color","Muted Olive, Slate Grey, Off White","1","1","GSM","380 GSM","1","1"
"171","variable","AX-HD-171","Dropped Shoulder Heavyweight Zip Hoodie Edition 2","1","0","visible","Engineered from signature 380 GSM combed cotton with a structured drop-shoulder drape and durable non-curling collar.","The Dropped Shoulder Heavyweight Zip Hoodie Edition 2 is crafted for individuals who appreciate architectural structure and superior drape. Woven from 100% long-staple combed cotton at 380 GSM, it offers the ideal heft without feeling suffocating. Features double-needle reinforced chain stitching at the shoulders, custom ribbed collar that retains its shape wash after wash, and pre-shrunk bio-wash finishing for supreme softness.","","","taxable","standard","1","50","0","0","0.35","30","25","3","1","","2199","2799","Heavyweight Hoodies","streetwear, 380gsm, oversized, axdoro, heavyweight","","https://images.unsplash.com/photo-1527719327859-c6ce80353573?auto=format&fit=crop&w=800&q=80, https://images.unsplash.com/photo-1578632767115-351597cf2477?auto=format&fit=crop&w=800&q=80, https://images.unsplash.com/photo-1578632767114-114407b4695b?auto=format&fit=crop&w=800&q=80","","","","","","","","","0","Size","XS, S, M, L, XL, XXL","1","1","Color","Urban Black, Off White, Sage Green","1","1","GSM","380 GSM","1","1"
"172","variable","AX-HD-172","Thermal Lined Oversized Street Hoodie Edition 2","1","1","visible","Engineered from signature 380 GSM combed cotton with a structured drop-shoulder drape and durable non-curling collar.","The Thermal Lined Oversized Street Hoodie Edition 2 is crafted for individuals who appreciate architectural structure and superior drape. Woven from 100% long-staple combed cotton at 380 GSM, it offers the ideal heft without feeling suffocating. Features double-needle reinforced chain stitching at the shoulders, custom ribbed collar that retains its shape wash after wash, and pre-shrunk bio-wash finishing for supreme softness.","","","taxable","standard","1","18","0","0","0.35","30","25","3","1","","2299","2899","Heavyweight Hoodies","streetwear, 380gsm, oversized, axdoro, heavyweight","","https://images.unsplash.com/photo-1529139574466-a303027c1d8b?auto=format&fit=crop&w=800&q=80, https://images.unsplash.com/photo-1515886657613-9f3515b0c78f?auto=format&fit=crop&w=800&q=80, https://images.unsplash.com/photo-1544441893-675973e31985?auto=format&fit=crop&w=800&q=80","","","","","","","","","0","Size","XS, S, M, L, XL, XXL","1","1","Color","Washed Charcoal, Sage Green, Mocha Brown","1","1","GSM","380 GSM","1","1"
"173","variable","AX-HD-173","Minimalist High-Density Fleece Hoodie Edition 2","1","0","visible","Engineered from signature 380 GSM combed cotton with a structured drop-shoulder drape and durable non-curling collar.","The Minimalist High-Density Fleece Hoodie Edition 2 is crafted for individuals who appreciate architectural structure and superior drape. Woven from 100% long-staple combed cotton at 380 GSM, it offers the ideal heft without feeling suffocating. Features double-needle reinforced chain stitching at the shoulders, custom ribbed collar that retains its shape wash after wash, and pre-shrunk bio-wash finishing for supreme softness.","","","taxable","standard","1","31","0","0","0.35","30","25","3","1","","2399","2999","Heavyweight Hoodies","streetwear, 380gsm, oversized, axdoro, heavyweight","","https://images.unsplash.com/photo-1489987707025-afc232f7ea0f?auto=format&fit=crop&w=800&q=80, https://images.unsplash.com/photo-1503342394128-c104d54dba01?auto=format&fit=crop&w=800&q=80, https://images.unsplash.com/photo-1558769132-cb1aea458c5e?auto=format&fit=crop&w=800&q=80","","","","","","","","","0","Size","XS, S, M, L, XL, XXL","1","1","Color","Sand Dune, Mocha Brown, Navy Blue","1","1","GSM","380 GSM","1","1"
"174","variable","AX-HD-174","Brutalist Raw Edge Heavyweight Hoodie Edition 2","1","0","visible","Engineered from signature 380 GSM combed cotton with a structured drop-shoulder drape and durable non-curling collar.","The Brutalist Raw Edge Heavyweight Hoodie Edition 2 is crafted for individuals who appreciate architectural structure and superior drape. Woven from 100% long-staple combed cotton at 380 GSM, it offers the ideal heft without feeling suffocating. Features double-needle reinforced chain stitching at the shoulders, custom ribbed collar that retains its shape wash after wash, and pre-shrunk bio-wash finishing for supreme softness.","","","taxable","standard","1","44","0","0","0.35","30","25","3","1","","2499","3099","Heavyweight Hoodies","streetwear, 380gsm, oversized, axdoro, heavyweight","","https://images.unsplash.com/photo-1508427953056-b00b8d78ebf5?auto=format&fit=crop&w=800&q=80, https://images.unsplash.com/photo-1576566588028-4147f3842f27?auto=format&fit=crop&w=800&q=80, https://images.unsplash.com/photo-1503342217505-b0a15ec3261c?auto=format&fit=crop&w=800&q=80","","","","","","","","","0","Size","XS, S, M, L, XL, XXL","1","1","Color","Terracotta, Navy Blue, Slate Grey","1","1","GSM","380 GSM","1","1"
"175","variable","AX-HD-175","Vintage Washed French Terry Hoodie Edition 2","1","0","visible","Engineered from signature 380 GSM combed cotton with a structured drop-shoulder drape and durable non-curling collar.","The Vintage Washed French Terry Hoodie Edition 2 is crafted for individuals who appreciate architectural structure and superior drape. Woven from 100% long-staple combed cotton at 380 GSM, it offers the ideal heft without feeling suffocating. Features double-needle reinforced chain stitching at the shoulders, custom ribbed collar that retains its shape wash after wash, and pre-shrunk bio-wash finishing for supreme softness.","","","taxable","standard","1","12","0","0","0.35","30","25","3","1","","2599","3199","Heavyweight Hoodies","streetwear, 380gsm, oversized, axdoro, heavyweight","","https://images.unsplash.com/photo-1521572267360-ee0c2909d518?auto=format&fit=crop&w=800&q=80, https://images.unsplash.com/photo-1583743814966-8936f5b7be1a?auto=format&fit=crop&w=800&q=80, https://images.unsplash.com/photo-1556905055-8f358a7a47b2?auto=format&fit=crop&w=800&q=80","","","","","","","","","0","Size","XS, S, M, L, XL, XXL","1","1","Color","Muted Olive, Slate Grey, Off White","1","1","GSM","380 GSM","1","1"
"176","variable","AX-HD-176","Double-Hooded Heavyweight Street Hoodie Edition 2","1","0","visible","Engineered from signature 380 GSM combed cotton with a structured drop-shoulder drape and durable non-curling collar.","The Double-Hooded Heavyweight Street Hoodie Edition 2 is crafted for individuals who appreciate architectural structure and superior drape. Woven from 100% long-staple combed cotton at 380 GSM, it offers the ideal heft without feeling suffocating. Features double-needle reinforced chain stitching at the shoulders, custom ribbed collar that retains its shape wash after wash, and pre-shrunk bio-wash finishing for supreme softness.","","","taxable","standard","1","25","0","0","0.35","30","25","3","1","","2199","2799","Heavyweight Hoodies","streetwear, 380gsm, oversized, axdoro, heavyweight","","https://images.unsplash.com/photo-1624378439575-d8705ad7ae80?auto=format&fit=crop&w=800&q=80, https://images.unsplash.com/photo-1509967419530-da38b4704bc6?auto=format&fit=crop&w=800&q=80, https://images.unsplash.com/photo-1618354691373-d851c5c3a990?auto=format&fit=crop&w=800&q=80","","","","","","","","","0","Size","XS, S, M, L, XL, XXL","1","1","Color","Urban Black, Off White, Sage Green","1","1","GSM","380 GSM","1","1"
"177","variable","AX-HD-177","380 GSM Heavy French Terry Pullover Hoodie Edition 3","1","1","visible","Engineered from signature 380 GSM combed cotton with a structured drop-shoulder drape and durable non-curling collar.","The 380 GSM Heavy French Terry Pullover Hoodie Edition 3 is crafted for individuals who appreciate architectural structure and superior drape. Woven from 100% long-staple combed cotton at 380 GSM, it offers the ideal heft without feeling suffocating. Features double-needle reinforced chain stitching at the shoulders, custom ribbed collar that retains its shape wash after wash, and pre-shrunk bio-wash finishing for supreme softness.","","","taxable","standard","1","38","0","0","0.35","30","25","3","1","","2299","2899","Heavyweight Hoodies","streetwear, 380gsm, oversized, axdoro, heavyweight","","https://images.unsplash.com/photo-1562157873-818bc0726f68?auto=format&fit=crop&w=800&q=80, https://images.unsplash.com/photo-1618354691438-25bc04584c03?auto=format&fit=crop&w=800&q=80, https://images.unsplash.com/photo-1527719327859-c6ce80353573?auto=format&fit=crop&w=800&q=80","","","","","","","","","0","Size","XS, S, M, L, XL, XXL","1","1","Color","Washed Charcoal, Sage Green, Mocha Brown","1","1","GSM","380 GSM","1","1"
"178","variable","AX-HD-178","Architectural Boxy Cut Streetwear Hoodie Edition 3","1","0","visible","Engineered from signature 380 GSM combed cotton with a structured drop-shoulder drape and durable non-curling collar.","The Architectural Boxy Cut Streetwear Hoodie Edition 3 is crafted for individuals who appreciate architectural structure and superior drape. Woven from 100% long-staple combed cotton at 380 GSM, it offers the ideal heft without feeling suffocating. Features double-needle reinforced chain stitching at the shoulders, custom ribbed collar that retains its shape wash after wash, and pre-shrunk bio-wash finishing for supreme softness.","","","taxable","standard","1","51","0","0","0.35","30","25","3","1","","2399","2999","Heavyweight Hoodies","streetwear, 380gsm, oversized, axdoro, heavyweight","","https://images.unsplash.com/photo-1578632767115-351597cf2477?auto=format&fit=crop&w=800&q=80, https://images.unsplash.com/photo-1578632767114-114407b4695b?auto=format&fit=crop&w=800&q=80, https://images.unsplash.com/photo-1529139574466-a303027c1d8b?auto=format&fit=crop&w=800&q=80","","","","","","","","","0","Size","XS, S, M, L, XL, XXL","1","1","Color","Sand Dune, Mocha Brown, Navy Blue","1","1","GSM","380 GSM","1","1"
"179","variable","AX-HD-179","Dropped Shoulder Heavyweight Zip Hoodie Edition 3","1","0","visible","Engineered from signature 380 GSM combed cotton with a structured drop-shoulder drape and durable non-curling collar.","The Dropped Shoulder Heavyweight Zip Hoodie Edition 3 is crafted for individuals who appreciate architectural structure and superior drape. Woven from 100% long-staple combed cotton at 380 GSM, it offers the ideal heft without feeling suffocating. Features double-needle reinforced chain stitching at the shoulders, custom ribbed collar that retains its shape wash after wash, and pre-shrunk bio-wash finishing for supreme softness.","","","taxable","standard","1","19","0","0","0.35","30","25","3","1","","2499","3099","Heavyweight Hoodies","streetwear, 380gsm, oversized, axdoro, heavyweight","","https://images.unsplash.com/photo-1515886657613-9f3515b0c78f?auto=format&fit=crop&w=800&q=80, https://images.unsplash.com/photo-1544441893-675973e31985?auto=format&fit=crop&w=800&q=80, https://images.unsplash.com/photo-1489987707025-afc232f7ea0f?auto=format&fit=crop&w=800&q=80","","","","","","","","","0","Size","XS, S, M, L, XL, XXL","1","1","Color","Terracotta, Navy Blue, Slate Grey","1","1","GSM","380 GSM","1","1"
"180","variable","AX-HD-180","Thermal Lined Oversized Street Hoodie Edition 3","1","0","visible","Engineered from signature 380 GSM combed cotton with a structured drop-shoulder drape and durable non-curling collar.","The Thermal Lined Oversized Street Hoodie Edition 3 is crafted for individuals who appreciate architectural structure and superior drape. Woven from 100% long-staple combed cotton at 380 GSM, it offers the ideal heft without feeling suffocating. Features double-needle reinforced chain stitching at the shoulders, custom ribbed collar that retains its shape wash after wash, and pre-shrunk bio-wash finishing for supreme softness.","","","taxable","standard","1","32","0","0","0.35","30","25","3","1","","2599","3199","Heavyweight Hoodies","streetwear, 380gsm, oversized, axdoro, heavyweight","","https://images.unsplash.com/photo-1503342394128-c104d54dba01?auto=format&fit=crop&w=800&q=80, https://images.unsplash.com/photo-1558769132-cb1aea458c5e?auto=format&fit=crop&w=800&q=80, https://images.unsplash.com/photo-1508427953056-b00b8d78ebf5?auto=format&fit=crop&w=800&q=80","","","","","","","","","0","Size","XS, S, M, L, XL, XXL","1","1","Color","Muted Olive, Slate Grey, Off White","1","1","GSM","380 GSM","1","1"
"181","variable","AX-HD-181","Minimalist High-Density Fleece Hoodie Edition 3","1","0","visible","Engineered from signature 380 GSM combed cotton with a structured drop-shoulder drape and durable non-curling collar.","The Minimalist High-Density Fleece Hoodie Edition 3 is crafted for individuals who appreciate architectural structure and superior drape. Woven from 100% long-staple combed cotton at 380 GSM, it offers the ideal heft without feeling suffocating. Features double-needle reinforced chain stitching at the shoulders, custom ribbed collar that retains its shape wash after wash, and pre-shrunk bio-wash finishing for supreme softness.","","","taxable","standard","1","45","0","0","0.35","30","25","3","1","","2199","2799","Heavyweight Hoodies","streetwear, 380gsm, oversized, axdoro, heavyweight","","https://images.unsplash.com/photo-1576566588028-4147f3842f27?auto=format&fit=crop&w=800&q=80, https://images.unsplash.com/photo-1503342217505-b0a15ec3261c?auto=format&fit=crop&w=800&q=80, https://images.unsplash.com/photo-1521572267360-ee0c2909d518?auto=format&fit=crop&w=800&q=80","","","","","","","","","0","Size","XS, S, M, L, XL, XXL","1","1","Color","Urban Black, Off White, Sage Green","1","1","GSM","380 GSM","1","1"
"182","variable","AX-HD-182","Brutalist Raw Edge Heavyweight Hoodie Edition 3","1","1","visible","Engineered from signature 380 GSM combed cotton with a structured drop-shoulder drape and durable non-curling collar.","The Brutalist Raw Edge Heavyweight Hoodie Edition 3 is crafted for individuals who appreciate architectural structure and superior drape. Woven from 100% long-staple combed cotton at 380 GSM, it offers the ideal heft without feeling suffocating. Features double-needle reinforced chain stitching at the shoulders, custom ribbed collar that retains its shape wash after wash, and pre-shrunk bio-wash finishing for supreme softness.","","","taxable","standard","1","13","0","0","0.35","30","25","3","1","","2299","2899","Heavyweight Hoodies","streetwear, 380gsm, oversized, axdoro, heavyweight","","https://images.unsplash.com/photo-1583743814966-8936f5b7be1a?auto=format&fit=crop&w=800&q=80, https://images.unsplash.com/photo-1556905055-8f358a7a47b2?auto=format&fit=crop&w=800&q=80, https://images.unsplash.com/photo-1624378439575-d8705ad7ae80?auto=format&fit=crop&w=800&q=80","","","","","","","","","0","Size","XS, S, M, L, XL, XXL","1","1","Color","Washed Charcoal, Sage Green, Mocha Brown","1","1","GSM","380 GSM","1","1"
"183","variable","AX-HD-183","Vintage Washed French Terry Hoodie Edition 3","1","0","visible","Engineered from signature 380 GSM combed cotton with a structured drop-shoulder drape and durable non-curling collar.","The Vintage Washed French Terry Hoodie Edition 3 is crafted for individuals who appreciate architectural structure and superior drape. Woven from 100% long-staple combed cotton at 380 GSM, it offers the ideal heft without feeling suffocating. Features double-needle reinforced chain stitching at the shoulders, custom ribbed collar that retains its shape wash after wash, and pre-shrunk bio-wash finishing for supreme softness.","","","taxable","standard","1","26","0","0","0.35","30","25","3","1","","2399","2999","Heavyweight Hoodies","streetwear, 380gsm, oversized, axdoro, heavyweight","","https://images.unsplash.com/photo-1509967419530-da38b4704bc6?auto=format&fit=crop&w=800&q=80, https://images.unsplash.com/photo-1618354691373-d851c5c3a990?auto=format&fit=crop&w=800&q=80, https://images.unsplash.com/photo-1562157873-818bc0726f68?auto=format&fit=crop&w=800&q=80","","","","","","","","","0","Size","XS, S, M, L, XL, XXL","1","1","Color","Sand Dune, Mocha Brown, Navy Blue","1","1","GSM","380 GSM","1","1"
"184","variable","AX-HD-184","Double-Hooded Heavyweight Street Hoodie Edition 3","1","0","visible","Engineered from signature 380 GSM combed cotton with a structured drop-shoulder drape and durable non-curling collar.","The Double-Hooded Heavyweight Street Hoodie Edition 3 is crafted for individuals who appreciate architectural structure and superior drape. Woven from 100% long-staple combed cotton at 380 GSM, it offers the ideal heft without feeling suffocating. Features double-needle reinforced chain stitching at the shoulders, custom ribbed collar that retains its shape wash after wash, and pre-shrunk bio-wash finishing for supreme softness.","","","taxable","standard","1","39","0","0","0.35","30","25","3","1","","2499","3099","Heavyweight Hoodies","streetwear, 380gsm, oversized, axdoro, heavyweight","","https://images.unsplash.com/photo-1618354691438-25bc04584c03?auto=format&fit=crop&w=800&q=80, https://images.unsplash.com/photo-1527719327859-c6ce80353573?auto=format&fit=crop&w=800&q=80, https://images.unsplash.com/photo-1578632767115-351597cf2477?auto=format&fit=crop&w=800&q=80","","","","","","","","","0","Size","XS, S, M, L, XL, XXL","1","1","Color","Terracotta, Navy Blue, Slate Grey","1","1","GSM","380 GSM","1","1"
"185","variable","AX-HD-185","380 GSM Heavy French Terry Pullover Hoodie Edition 4","1","0","visible","Engineered from signature 380 GSM combed cotton with a structured drop-shoulder drape and durable non-curling collar.","The 380 GSM Heavy French Terry Pullover Hoodie Edition 4 is crafted for individuals who appreciate architectural structure and superior drape. Woven from 100% long-staple combed cotton at 380 GSM, it offers the ideal heft without feeling suffocating. Features double-needle reinforced chain stitching at the shoulders, custom ribbed collar that retains its shape wash after wash, and pre-shrunk bio-wash finishing for supreme softness.","","","taxable","standard","1","52","0","0","0.35","30","25","3","1","","2599","3199","Heavyweight Hoodies","streetwear, 380gsm, oversized, axdoro, heavyweight","","https://images.unsplash.com/photo-1578632767114-114407b4695b?auto=format&fit=crop&w=800&q=80, https://images.unsplash.com/photo-1529139574466-a303027c1d8b?auto=format&fit=crop&w=800&q=80, https://images.unsplash.com/photo-1515886657613-9f3515b0c78f?auto=format&fit=crop&w=800&q=80","","","","","","","","","0","Size","XS, S, M, L, XL, XXL","1","1","Color","Muted Olive, Slate Grey, Off White","1","1","GSM","380 GSM","1","1"
"186","variable","AX-CG-186","Tactical Relaxed Utility Cargo Pant","1","0","visible","Engineered from signature 280 GSM combed cotton with a structured drop-shoulder drape and durable non-curling collar.","The Tactical Relaxed Utility Cargo Pant is crafted for individuals who appreciate architectural structure and superior drape. Woven from 100% long-staple combed cotton at 280 GSM, it offers the ideal heft without feeling suffocating. Features double-needle reinforced chain stitching at the shoulders, custom ribbed collar that retains its shape wash after wash, and pre-shrunk bio-wash finishing for supreme softness.","","","taxable","standard","1","10","0","0","0.35","30","25","3","1","","1899","2499","Cargos & Utility Pants","streetwear, 280gsm, relaxed, axdoro, heavyweight","","https://images.unsplash.com/photo-1576566588028-4147f3842f27?auto=format&fit=crop&w=800&q=80, https://images.unsplash.com/photo-1503342217505-b0a15ec3261c?auto=format&fit=crop&w=800&q=80, https://images.unsplash.com/photo-1521572267360-ee0c2909d518?auto=format&fit=crop&w=800&q=80","","","","","","","","","0","Size","XS, S, M, L, XL, XXL","1","1","Color","Urban Black, Off White, Sage Green","1","1","GSM","280 GSM","1","1"
"187","variable","AX-CG-187","Wide-Leg Streetwear Heavy Twill Pant","1","1","visible","Engineered from signature 280 GSM combed cotton with a structured drop-shoulder drape and durable non-curling collar.","The Wide-Leg Streetwear Heavy Twill Pant is crafted for individuals who appreciate architectural structure and superior drape. Woven from 100% long-staple combed cotton at 280 GSM, it offers the ideal heft without feeling suffocating. Features double-needle reinforced chain stitching at the shoulders, custom ribbed collar that retains its shape wash after wash, and pre-shrunk bio-wash finishing for supreme softness.","","","taxable","standard","1","23","0","0","0.35","30","25","3","1","","1999","2599","Cargos & Utility Pants","streetwear, 280gsm, relaxed, axdoro, heavyweight","","https://images.unsplash.com/photo-1583743814966-8936f5b7be1a?auto=format&fit=crop&w=800&q=80, https://images.unsplash.com/photo-1556905055-8f358a7a47b2?auto=format&fit=crop&w=800&q=80, https://images.unsplash.com/photo-1624378439575-d8705ad7ae80?auto=format&fit=crop&w=800&q=80","","","","","","","","","0","Size","XS, S, M, L, XL, XXL","1","1","Color","Washed Charcoal, Sage Green, Mocha Brown","1","1","GSM","280 GSM","1","1"
"188","variable","AX-CG-188","Modular Pocket Relaxed Skate Cargo","1","0","visible","Engineered from signature 280 GSM combed cotton with a structured drop-shoulder drape and durable non-curling collar.","The Modular Pocket Relaxed Skate Cargo is crafted for individuals who appreciate architectural structure and superior drape. Woven from 100% long-staple combed cotton at 280 GSM, it offers the ideal heft without feeling suffocating. Features double-needle reinforced chain stitching at the shoulders, custom ribbed collar that retains its shape wash after wash, and pre-shrunk bio-wash finishing for supreme softness.","","","taxable","standard","1","36","0","0","0.35","30","25","3","1","","2099","2699","Cargos & Utility Pants","streetwear, 280gsm, relaxed, axdoro, heavyweight","","https://images.unsplash.com/photo-1509967419530-da38b4704bc6?auto=format&fit=crop&w=800&q=80, https://images.unsplash.com/photo-1618354691373-d851c5c3a990?auto=format&fit=crop&w=800&q=80, https://images.unsplash.com/photo-1562157873-818bc0726f68?auto=format&fit=crop&w=800&q=80","","","","","","","","","0","Size","XS, S, M, L, XL, XXL","1","1","Color","Sand Dune, Mocha Brown, Navy Blue","1","1","GSM","280 GSM","1","1"
"189","variable","AX-CG-189","Obsidian Heavyweight Cotton Jogger","1","0","visible","Engineered from signature 280 GSM combed cotton with a structured drop-shoulder drape and durable non-curling collar.","The Obsidian Heavyweight Cotton Jogger is crafted for individuals who appreciate architectural structure and superior drape. Woven from 100% long-staple combed cotton at 280 GSM, it offers the ideal heft without feeling suffocating. Features double-needle reinforced chain stitching at the shoulders, custom ribbed collar that retains its shape wash after wash, and pre-shrunk bio-wash finishing for supreme softness.","","","taxable","standard","1","49","0","0","0.35","30","25","3","1","","2199","2799","Cargos & Utility Pants","streetwear, 280gsm, relaxed, axdoro, heavyweight","","https://images.unsplash.com/photo-1618354691438-25bc04584c03?auto=format&fit=crop&w=800&q=80, https://images.unsplash.com/photo-1527719327859-c6ce80353573?auto=format&fit=crop&w=800&q=80, https://images.unsplash.com/photo-1578632767115-351597cf2477?auto=format&fit=crop&w=800&q=80","","","","","","","","","0","Size","XS, S, M, L, XL, XXL","1","1","Color","Terracotta, Navy Blue, Slate Grey","1","1","GSM","280 GSM","1","1"
"190","variable","AX-CG-190","Double Knee Reinforced Street Pant","1","0","visible","Engineered from signature 280 GSM combed cotton with a structured drop-shoulder drape and durable non-curling collar.","The Double Knee Reinforced Street Pant is crafted for individuals who appreciate architectural structure and superior drape. Woven from 100% long-staple combed cotton at 280 GSM, it offers the ideal heft without feeling suffocating. Features double-needle reinforced chain stitching at the shoulders, custom ribbed collar that retains its shape wash after wash, and pre-shrunk bio-wash finishing for supreme softness.","","","taxable","standard","1","17","0","0","0.35","30","25","3","1","","2299","2899","Cargos & Utility Pants","streetwear, 280gsm, relaxed, axdoro, heavyweight","","https://images.unsplash.com/photo-1578632767114-114407b4695b?auto=format&fit=crop&w=800&q=80, https://images.unsplash.com/photo-1529139574466-a303027c1d8b?auto=format&fit=crop&w=800&q=80, https://images.unsplash.com/photo-1515886657613-9f3515b0c78f?auto=format&fit=crop&w=800&q=80","","","","","","","","","0","Size","XS, S, M, L, XL, XXL","1","1","Color","Muted Olive, Slate Grey, Off White","1","1","GSM","280 GSM","1","1"
"191","variable","AX-CG-191","Pleated Relaxed Silhouette Chino Cargo","1","0","visible","Engineered from signature 280 GSM combed cotton with a structured drop-shoulder drape and durable non-curling collar.","The Pleated Relaxed Silhouette Chino Cargo is crafted for individuals who appreciate architectural structure and superior drape. Woven from 100% long-staple combed cotton at 280 GSM, it offers the ideal heft without feeling suffocating. Features double-needle reinforced chain stitching at the shoulders, custom ribbed collar that retains its shape wash after wash, and pre-shrunk bio-wash finishing for supreme softness.","","","taxable","standard","1","30","0","0","0.35","30","25","3","1","","1899","2499","Cargos & Utility Pants","streetwear, 280gsm, relaxed, axdoro, heavyweight","","https://images.unsplash.com/photo-1544441893-675973e31985?auto=format&fit=crop&w=800&q=80, https://images.unsplash.com/photo-1489987707025-afc232f7ea0f?auto=format&fit=crop&w=800&q=80, https://images.unsplash.com/photo-1503342394128-c104d54dba01?auto=format&fit=crop&w=800&q=80","","","","","","","","","0","Size","XS, S, M, L, XL, XXL","1","1","Color","Urban Black, Off White, Sage Green","1","1","GSM","280 GSM","1","1"
"192","variable","AX-CG-192","Adjustable Hem Heavy Twill Cargo","1","1","visible","Engineered from signature 280 GSM combed cotton with a structured drop-shoulder drape and durable non-curling collar.","The Adjustable Hem Heavy Twill Cargo is crafted for individuals who appreciate architectural structure and superior drape. Woven from 100% long-staple combed cotton at 280 GSM, it offers the ideal heft without feeling suffocating. Features double-needle reinforced chain stitching at the shoulders, custom ribbed collar that retains its shape wash after wash, and pre-shrunk bio-wash finishing for supreme softness.","","","taxable","standard","1","43","0","0","0.35","30","25","3","1","","1999","2599","Cargos & Utility Pants","streetwear, 280gsm, relaxed, axdoro, heavyweight","","https://images.unsplash.com/photo-1558769132-cb1aea458c5e?auto=format&fit=crop&w=800&q=80, https://images.unsplash.com/photo-1508427953056-b00b8d78ebf5?auto=format&fit=crop&w=800&q=80, https://images.unsplash.com/photo-1576566588028-4147f3842f27?auto=format&fit=crop&w=800&q=80","","","","","","","","","0","Size","XS, S, M, L, XL, XXL","1","1","Color","Washed Charcoal, Sage Green, Mocha Brown","1","1","GSM","280 GSM","1","1"
"193","variable","AX-CG-193","Military Spec Heavy Cotton Utility Pant","1","0","visible","Engineered from signature 280 GSM combed cotton with a structured drop-shoulder drape and durable non-curling collar.","The Military Spec Heavy Cotton Utility Pant is crafted for individuals who appreciate architectural structure and superior drape. Woven from 100% long-staple combed cotton at 280 GSM, it offers the ideal heft without feeling suffocating. Features double-needle reinforced chain stitching at the shoulders, custom ribbed collar that retains its shape wash after wash, and pre-shrunk bio-wash finishing for supreme softness.","","","taxable","standard","1","11","0","0","0.35","30","25","3","1","","2099","2699","Cargos & Utility Pants","streetwear, 280gsm, relaxed, axdoro, heavyweight","","https://images.unsplash.com/photo-1503342217505-b0a15ec3261c?auto=format&fit=crop&w=800&q=80, https://images.unsplash.com/photo-1521572267360-ee0c2909d518?auto=format&fit=crop&w=800&q=80, https://images.unsplash.com/photo-1583743814966-8936f5b7be1a?auto=format&fit=crop&w=800&q=80","","","","","","","","","0","Size","XS, S, M, L, XL, XXL","1","1","Color","Sand Dune, Mocha Brown, Navy Blue","1","1","GSM","280 GSM","1","1"
"194","variable","AX-CG-194","Tactical Relaxed Utility Cargo Pant Edition 2","1","0","visible","Engineered from signature 280 GSM combed cotton with a structured drop-shoulder drape and durable non-curling collar.","The Tactical Relaxed Utility Cargo Pant Edition 2 is crafted for individuals who appreciate architectural structure and superior drape. Woven from 100% long-staple combed cotton at 280 GSM, it offers the ideal heft without feeling suffocating. Features double-needle reinforced chain stitching at the shoulders, custom ribbed collar that retains its shape wash after wash, and pre-shrunk bio-wash finishing for supreme softness.","","","taxable","standard","1","24","0","0","0.35","30","25","3","1","","2199","2799","Cargos & Utility Pants","streetwear, 280gsm, relaxed, axdoro, heavyweight","","https://images.unsplash.com/photo-1556905055-8f358a7a47b2?auto=format&fit=crop&w=800&q=80, https://images.unsplash.com/photo-1624378439575-d8705ad7ae80?auto=format&fit=crop&w=800&q=80, https://images.unsplash.com/photo-1509967419530-da38b4704bc6?auto=format&fit=crop&w=800&q=80","","","","","","","","","0","Size","XS, S, M, L, XL, XXL","1","1","Color","Terracotta, Navy Blue, Slate Grey","1","1","GSM","280 GSM","1","1"
"195","variable","AX-CG-195","Wide-Leg Streetwear Heavy Twill Pant Edition 2","1","0","visible","Engineered from signature 280 GSM combed cotton with a structured drop-shoulder drape and durable non-curling collar.","The Wide-Leg Streetwear Heavy Twill Pant Edition 2 is crafted for individuals who appreciate architectural structure and superior drape. Woven from 100% long-staple combed cotton at 280 GSM, it offers the ideal heft without feeling suffocating. Features double-needle reinforced chain stitching at the shoulders, custom ribbed collar that retains its shape wash after wash, and pre-shrunk bio-wash finishing for supreme softness.","","","taxable","standard","1","37","0","0","0.35","30","25","3","1","","2299","2899","Cargos & Utility Pants","streetwear, 280gsm, relaxed, axdoro, heavyweight","","https://images.unsplash.com/photo-1618354691373-d851c5c3a990?auto=format&fit=crop&w=800&q=80, https://images.unsplash.com/photo-1562157873-818bc0726f68?auto=format&fit=crop&w=800&q=80, https://images.unsplash.com/photo-1618354691438-25bc04584c03?auto=format&fit=crop&w=800&q=80","","","","","","","","","0","Size","XS, S, M, L, XL, XXL","1","1","Color","Muted Olive, Slate Grey, Off White","1","1","GSM","280 GSM","1","1"
"196","variable","AX-CG-196","Modular Pocket Relaxed Skate Cargo Edition 2","1","0","visible","Engineered from signature 280 GSM combed cotton with a structured drop-shoulder drape and durable non-curling collar.","The Modular Pocket Relaxed Skate Cargo Edition 2 is crafted for individuals who appreciate architectural structure and superior drape. Woven from 100% long-staple combed cotton at 280 GSM, it offers the ideal heft without feeling suffocating. Features double-needle reinforced chain stitching at the shoulders, custom ribbed collar that retains its shape wash after wash, and pre-shrunk bio-wash finishing for supreme softness.","","","taxable","standard","1","50","0","0","0.35","30","25","3","1","","1899","2499","Cargos & Utility Pants","streetwear, 280gsm, relaxed, axdoro, heavyweight","","https://images.unsplash.com/photo-1527719327859-c6ce80353573?auto=format&fit=crop&w=800&q=80, https://images.unsplash.com/photo-1578632767115-351597cf2477?auto=format&fit=crop&w=800&q=80, https://images.unsplash.com/photo-1578632767114-114407b4695b?auto=format&fit=crop&w=800&q=80","","","","","","","","","0","Size","XS, S, M, L, XL, XXL","1","1","Color","Urban Black, Off White, Sage Green","1","1","GSM","280 GSM","1","1"
"197","variable","AX-CG-197","Obsidian Heavyweight Cotton Jogger Edition 2","1","1","visible","Engineered from signature 280 GSM combed cotton with a structured drop-shoulder drape and durable non-curling collar.","The Obsidian Heavyweight Cotton Jogger Edition 2 is crafted for individuals who appreciate architectural structure and superior drape. Woven from 100% long-staple combed cotton at 280 GSM, it offers the ideal heft without feeling suffocating. Features double-needle reinforced chain stitching at the shoulders, custom ribbed collar that retains its shape wash after wash, and pre-shrunk bio-wash finishing for supreme softness.","","","taxable","standard","1","18","0","0","0.35","30","25","3","1","","1999","2599","Cargos & Utility Pants","streetwear, 280gsm, relaxed, axdoro, heavyweight","","https://images.unsplash.com/photo-1529139574466-a303027c1d8b?auto=format&fit=crop&w=800&q=80, https://images.unsplash.com/photo-1515886657613-9f3515b0c78f?auto=format&fit=crop&w=800&q=80, https://images.unsplash.com/photo-1544441893-675973e31985?auto=format&fit=crop&w=800&q=80","","","","","","","","","0","Size","XS, S, M, L, XL, XXL","1","1","Color","Washed Charcoal, Sage Green, Mocha Brown","1","1","GSM","280 GSM","1","1"
"198","variable","AX-CG-198","Double Knee Reinforced Street Pant Edition 2","1","0","visible","Engineered from signature 280 GSM combed cotton with a structured drop-shoulder drape and durable non-curling collar.","The Double Knee Reinforced Street Pant Edition 2 is crafted for individuals who appreciate architectural structure and superior drape. Woven from 100% long-staple combed cotton at 280 GSM, it offers the ideal heft without feeling suffocating. Features double-needle reinforced chain stitching at the shoulders, custom ribbed collar that retains its shape wash after wash, and pre-shrunk bio-wash finishing for supreme softness.","","","taxable","standard","1","31","0","0","0.35","30","25","3","1","","2099","2699","Cargos & Utility Pants","streetwear, 280gsm, relaxed, axdoro, heavyweight","","https://images.unsplash.com/photo-1489987707025-afc232f7ea0f?auto=format&fit=crop&w=800&q=80, https://images.unsplash.com/photo-1503342394128-c104d54dba01?auto=format&fit=crop&w=800&q=80, https://images.unsplash.com/photo-1558769132-cb1aea458c5e?auto=format&fit=crop&w=800&q=80","","","","","","","","","0","Size","XS, S, M, L, XL, XXL","1","1","Color","Sand Dune, Mocha Brown, Navy Blue","1","1","GSM","280 GSM","1","1"
"199","variable","AX-CG-199","Pleated Relaxed Silhouette Chino Cargo Edition 2","1","0","visible","Engineered from signature 280 GSM combed cotton with a structured drop-shoulder drape and durable non-curling collar.","The Pleated Relaxed Silhouette Chino Cargo Edition 2 is crafted for individuals who appreciate architectural structure and superior drape. Woven from 100% long-staple combed cotton at 280 GSM, it offers the ideal heft without feeling suffocating. Features double-needle reinforced chain stitching at the shoulders, custom ribbed collar that retains its shape wash after wash, and pre-shrunk bio-wash finishing for supreme softness.","","","taxable","standard","1","44","0","0","0.35","30","25","3","1","","2199","2799","Cargos & Utility Pants","streetwear, 280gsm, relaxed, axdoro, heavyweight","","https://images.unsplash.com/photo-1508427953056-b00b8d78ebf5?auto=format&fit=crop&w=800&q=80, https://images.unsplash.com/photo-1576566588028-4147f3842f27?auto=format&fit=crop&w=800&q=80, https://images.unsplash.com/photo-1503342217505-b0a15ec3261c?auto=format&fit=crop&w=800&q=80","","","","","","","","","0","Size","XS, S, M, L, XL, XXL","1","1","Color","Terracotta, Navy Blue, Slate Grey","1","1","GSM","280 GSM","1","1"
"200","variable","AX-CG-200","Adjustable Hem Heavy Twill Cargo Edition 2","1","0","visible","Engineered from signature 280 GSM combed cotton with a structured drop-shoulder drape and durable non-curling collar.","The Adjustable Hem Heavy Twill Cargo Edition 2 is crafted for individuals who appreciate architectural structure and superior drape. Woven from 100% long-staple combed cotton at 280 GSM, it offers the ideal heft without feeling suffocating. Features double-needle reinforced chain stitching at the shoulders, custom ribbed collar that retains its shape wash after wash, and pre-shrunk bio-wash finishing for supreme softness.","","","taxable","standard","1","12","0","0","0.35","30","25","3","1","","2299","2899","Cargos & Utility Pants","streetwear, 280gsm, relaxed, axdoro, heavyweight","","https://images.unsplash.com/photo-1521572267360-ee0c2909d518?auto=format&fit=crop&w=800&q=80, https://images.unsplash.com/photo-1583743814966-8936f5b7be1a?auto=format&fit=crop&w=800&q=80, https://images.unsplash.com/photo-1556905055-8f358a7a47b2?auto=format&fit=crop&w=800&q=80","","","","","","","","","0","Size","XS, S, M, L, XL, XXL","1","1","Color","Muted Olive, Slate Grey, Off White","1","1","GSM","280 GSM","1","1"
"201","variable","AX-CG-201","Military Spec Heavy Cotton Utility Pant Edition 2","1","0","visible","Engineered from signature 280 GSM combed cotton with a structured drop-shoulder drape and durable non-curling collar.","The Military Spec Heavy Cotton Utility Pant Edition 2 is crafted for individuals who appreciate architectural structure and superior drape. Woven from 100% long-staple combed cotton at 280 GSM, it offers the ideal heft without feeling suffocating. Features double-needle reinforced chain stitching at the shoulders, custom ribbed collar that retains its shape wash after wash, and pre-shrunk bio-wash finishing for supreme softness.","","","taxable","standard","1","25","0","0","0.35","30","25","3","1","","1899","2499","Cargos & Utility Pants","streetwear, 280gsm, relaxed, axdoro, heavyweight","","https://images.unsplash.com/photo-1624378439575-d8705ad7ae80?auto=format&fit=crop&w=800&q=80, https://images.unsplash.com/photo-1509967419530-da38b4704bc6?auto=format&fit=crop&w=800&q=80, https://images.unsplash.com/photo-1618354691373-d851c5c3a990?auto=format&fit=crop&w=800&q=80","","","","","","","","","0","Size","XS, S, M, L, XL, XXL","1","1","Color","Urban Black, Off White, Sage Green","1","1","GSM","280 GSM","1","1"
"202","variable","AX-CG-202","Tactical Relaxed Utility Cargo Pant Edition 3","1","1","visible","Engineered from signature 280 GSM combed cotton with a structured drop-shoulder drape and durable non-curling collar.","The Tactical Relaxed Utility Cargo Pant Edition 3 is crafted for individuals who appreciate architectural structure and superior drape. Woven from 100% long-staple combed cotton at 280 GSM, it offers the ideal heft without feeling suffocating. Features double-needle reinforced chain stitching at the shoulders, custom ribbed collar that retains its shape wash after wash, and pre-shrunk bio-wash finishing for supreme softness.","","","taxable","standard","1","38","0","0","0.35","30","25","3","1","","1999","2599","Cargos & Utility Pants","streetwear, 280gsm, relaxed, axdoro, heavyweight","","https://images.unsplash.com/photo-1562157873-818bc0726f68?auto=format&fit=crop&w=800&q=80, https://images.unsplash.com/photo-1618354691438-25bc04584c03?auto=format&fit=crop&w=800&q=80, https://images.unsplash.com/photo-1527719327859-c6ce80353573?auto=format&fit=crop&w=800&q=80","","","","","","","","","0","Size","XS, S, M, L, XL, XXL","1","1","Color","Washed Charcoal, Sage Green, Mocha Brown","1","1","GSM","280 GSM","1","1"
"203","variable","AX-CG-203","Wide-Leg Streetwear Heavy Twill Pant Edition 3","1","0","visible","Engineered from signature 280 GSM combed cotton with a structured drop-shoulder drape and durable non-curling collar.","The Wide-Leg Streetwear Heavy Twill Pant Edition 3 is crafted for individuals who appreciate architectural structure and superior drape. Woven from 100% long-staple combed cotton at 280 GSM, it offers the ideal heft without feeling suffocating. Features double-needle reinforced chain stitching at the shoulders, custom ribbed collar that retains its shape wash after wash, and pre-shrunk bio-wash finishing for supreme softness.","","","taxable","standard","1","51","0","0","0.35","30","25","3","1","","2099","2699","Cargos & Utility Pants","streetwear, 280gsm, relaxed, axdoro, heavyweight","","https://images.unsplash.com/photo-1578632767115-351597cf2477?auto=format&fit=crop&w=800&q=80, https://images.unsplash.com/photo-1578632767114-114407b4695b?auto=format&fit=crop&w=800&q=80, https://images.unsplash.com/photo-1529139574466-a303027c1d8b?auto=format&fit=crop&w=800&q=80","","","","","","","","","0","Size","XS, S, M, L, XL, XXL","1","1","Color","Sand Dune, Mocha Brown, Navy Blue","1","1","GSM","280 GSM","1","1"
"204","variable","AX-CG-204","Modular Pocket Relaxed Skate Cargo Edition 3","1","0","visible","Engineered from signature 280 GSM combed cotton with a structured drop-shoulder drape and durable non-curling collar.","The Modular Pocket Relaxed Skate Cargo Edition 3 is crafted for individuals who appreciate architectural structure and superior drape. Woven from 100% long-staple combed cotton at 280 GSM, it offers the ideal heft without feeling suffocating. Features double-needle reinforced chain stitching at the shoulders, custom ribbed collar that retains its shape wash after wash, and pre-shrunk bio-wash finishing for supreme softness.","","","taxable","standard","1","19","0","0","0.35","30","25","3","1","","2199","2799","Cargos & Utility Pants","streetwear, 280gsm, relaxed, axdoro, heavyweight","","https://images.unsplash.com/photo-1515886657613-9f3515b0c78f?auto=format&fit=crop&w=800&q=80, https://images.unsplash.com/photo-1544441893-675973e31985?auto=format&fit=crop&w=800&q=80, https://images.unsplash.com/photo-1489987707025-afc232f7ea0f?auto=format&fit=crop&w=800&q=80","","","","","","","","","0","Size","XS, S, M, L, XL, XXL","1","1","Color","Terracotta, Navy Blue, Slate Grey","1","1","GSM","280 GSM","1","1"
"205","variable","AX-CG-205","Obsidian Heavyweight Cotton Jogger Edition 3","1","0","visible","Engineered from signature 280 GSM combed cotton with a structured drop-shoulder drape and durable non-curling collar.","The Obsidian Heavyweight Cotton Jogger Edition 3 is crafted for individuals who appreciate architectural structure and superior drape. Woven from 100% long-staple combed cotton at 280 GSM, it offers the ideal heft without feeling suffocating. Features double-needle reinforced chain stitching at the shoulders, custom ribbed collar that retains its shape wash after wash, and pre-shrunk bio-wash finishing for supreme softness.","","","taxable","standard","1","32","0","0","0.35","30","25","3","1","","2299","2899","Cargos & Utility Pants","streetwear, 280gsm, relaxed, axdoro, heavyweight","","https://images.unsplash.com/photo-1503342394128-c104d54dba01?auto=format&fit=crop&w=800&q=80, https://images.unsplash.com/photo-1558769132-cb1aea458c5e?auto=format&fit=crop&w=800&q=80, https://images.unsplash.com/photo-1508427953056-b00b8d78ebf5?auto=format&fit=crop&w=800&q=80","","","","","","","","","0","Size","XS, S, M, L, XL, XXL","1","1","Color","Muted Olive, Slate Grey, Off White","1","1","GSM","280 GSM","1","1"
"206","variable","AX-CG-206","Double Knee Reinforced Street Pant Edition 3","1","0","visible","Engineered from signature 280 GSM combed cotton with a structured drop-shoulder drape and durable non-curling collar.","The Double Knee Reinforced Street Pant Edition 3 is crafted for individuals who appreciate architectural structure and superior drape. Woven from 100% long-staple combed cotton at 280 GSM, it offers the ideal heft without feeling suffocating. Features double-needle reinforced chain stitching at the shoulders, custom ribbed collar that retains its shape wash after wash, and pre-shrunk bio-wash finishing for supreme softness.","","","taxable","standard","1","45","0","0","0.35","30","25","3","1","","1899","2499","Cargos & Utility Pants","streetwear, 280gsm, relaxed, axdoro, heavyweight","","https://images.unsplash.com/photo-1576566588028-4147f3842f27?auto=format&fit=crop&w=800&q=80, https://images.unsplash.com/photo-1503342217505-b0a15ec3261c?auto=format&fit=crop&w=800&q=80, https://images.unsplash.com/photo-1521572267360-ee0c2909d518?auto=format&fit=crop&w=800&q=80","","","","","","","","","0","Size","XS, S, M, L, XL, XXL","1","1","Color","Urban Black, Off White, Sage Green","1","1","GSM","280 GSM","1","1"
"207","variable","AX-CG-207","Pleated Relaxed Silhouette Chino Cargo Edition 3","1","1","visible","Engineered from signature 280 GSM combed cotton with a structured drop-shoulder drape and durable non-curling collar.","The Pleated Relaxed Silhouette Chino Cargo Edition 3 is crafted for individuals who appreciate architectural structure and superior drape. Woven from 100% long-staple combed cotton at 280 GSM, it offers the ideal heft without feeling suffocating. Features double-needle reinforced chain stitching at the shoulders, custom ribbed collar that retains its shape wash after wash, and pre-shrunk bio-wash finishing for supreme softness.","","","taxable","standard","1","13","0","0","0.35","30","25","3","1","","1999","2599","Cargos & Utility Pants","streetwear, 280gsm, relaxed, axdoro, heavyweight","","https://images.unsplash.com/photo-1583743814966-8936f5b7be1a?auto=format&fit=crop&w=800&q=80, https://images.unsplash.com/photo-1556905055-8f358a7a47b2?auto=format&fit=crop&w=800&q=80, https://images.unsplash.com/photo-1624378439575-d8705ad7ae80?auto=format&fit=crop&w=800&q=80","","","","","","","","","0","Size","XS, S, M, L, XL, XXL","1","1","Color","Washed Charcoal, Sage Green, Mocha Brown","1","1","GSM","280 GSM","1","1"
"208","variable","AX-CG-208","Adjustable Hem Heavy Twill Cargo Edition 3","1","0","visible","Engineered from signature 280 GSM combed cotton with a structured drop-shoulder drape and durable non-curling collar.","The Adjustable Hem Heavy Twill Cargo Edition 3 is crafted for individuals who appreciate architectural structure and superior drape. Woven from 100% long-staple combed cotton at 280 GSM, it offers the ideal heft without feeling suffocating. Features double-needle reinforced chain stitching at the shoulders, custom ribbed collar that retains its shape wash after wash, and pre-shrunk bio-wash finishing for supreme softness.","","","taxable","standard","1","26","0","0","0.35","30","25","3","1","","2099","2699","Cargos & Utility Pants","streetwear, 280gsm, relaxed, axdoro, heavyweight","","https://images.unsplash.com/photo-1509967419530-da38b4704bc6?auto=format&fit=crop&w=800&q=80, https://images.unsplash.com/photo-1618354691373-d851c5c3a990?auto=format&fit=crop&w=800&q=80, https://images.unsplash.com/photo-1562157873-818bc0726f68?auto=format&fit=crop&w=800&q=80","","","","","","","","","0","Size","XS, S, M, L, XL, XXL","1","1","Color","Sand Dune, Mocha Brown, Navy Blue","1","1","GSM","280 GSM","1","1"
"209","variable","AX-CG-209","Military Spec Heavy Cotton Utility Pant Edition 3","1","0","visible","Engineered from signature 280 GSM combed cotton with a structured drop-shoulder drape and durable non-curling collar.","The Military Spec Heavy Cotton Utility Pant Edition 3 is crafted for individuals who appreciate architectural structure and superior drape. Woven from 100% long-staple combed cotton at 280 GSM, it offers the ideal heft without feeling suffocating. Features double-needle reinforced chain stitching at the shoulders, custom ribbed collar that retains its shape wash after wash, and pre-shrunk bio-wash finishing for supreme softness.","","","taxable","standard","1","39","0","0","0.35","30","25","3","1","","2199","2799","Cargos & Utility Pants","streetwear, 280gsm, relaxed, axdoro, heavyweight","","https://images.unsplash.com/photo-1618354691438-25bc04584c03?auto=format&fit=crop&w=800&q=80, https://images.unsplash.com/photo-1527719327859-c6ce80353573?auto=format&fit=crop&w=800&q=80, https://images.unsplash.com/photo-1578632767115-351597cf2477?auto=format&fit=crop&w=800&q=80","","","","","","","","","0","Size","XS, S, M, L, XL, XXL","1","1","Color","Terracotta, Navy Blue, Slate Grey","1","1","GSM","280 GSM","1","1"
"210","variable","AX-CG-210","Tactical Relaxed Utility Cargo Pant Edition 4","1","0","visible","Engineered from signature 280 GSM combed cotton with a structured drop-shoulder drape and durable non-curling collar.","The Tactical Relaxed Utility Cargo Pant Edition 4 is crafted for individuals who appreciate architectural structure and superior drape. Woven from 100% long-staple combed cotton at 280 GSM, it offers the ideal heft without feeling suffocating. Features double-needle reinforced chain stitching at the shoulders, custom ribbed collar that retains its shape wash after wash, and pre-shrunk bio-wash finishing for supreme softness.","","","taxable","standard","1","52","0","0","0.35","30","25","3","1","","2299","2899","Cargos & Utility Pants","streetwear, 280gsm, relaxed, axdoro, heavyweight","","https://images.unsplash.com/photo-1578632767114-114407b4695b?auto=format&fit=crop&w=800&q=80, https://images.unsplash.com/photo-1529139574466-a303027c1d8b?auto=format&fit=crop&w=800&q=80, https://images.unsplash.com/photo-1515886657613-9f3515b0c78f?auto=format&fit=crop&w=800&q=80","","","","","","","","","0","Size","XS, S, M, L, XL, XXL","1","1","Color","Muted Olive, Slate Grey, Off White","1","1","GSM","280 GSM","1","1"